starting_grid,laps,total_laptime,fastestLapTime,fastestLapSpeed,pitstop_count,pitstop_duration,average_quali,lastest_standing,result_position
2,57,2895.6,90.6,210.815,2,18.155,85.3,3,1
1,57,2903.66,90.6,210.608,2,18.16833333,84.6,4,1
3,57,2905.243,90.0,212.235,2,18.155,85.63333333,2,1
8,57,2919.93,89.0,214.51,2,18.16333333,86.03333333,1,0
6,57,2954.579,92.3,206.861,2,18.16333333,85.66666667,9,0
19,57,2967.681,92.9,205.582,1,18.15666667,88.3,17,0
10,57,2969.799,92.8,205.646,2,18.15333333,86.25,16,0
16,57,2970.753,92.7,205.886,2,18.15,86.55,14,0
7,57,2971.28,91.7,208.253,2,18.16666667,86.03333333,7,0
5,57,2972.433,91.5,208.606,2,18.15666667,85.96666667,6,0
13,57,2978.999,93.0,205.376,2,18.13833333,87.4,18,0
14,57,2981.206,92.5,206.494,3,15.77166667,87.5,10,0
9,57,2987.299,92.8,205.764,2,18.12166667,86.2,15,0
2,57,2014.7,94.5,206.21,1,24.934,90.46666667,1,1
4,57,2024.982,95.2,204.745,1,24.72,90.83333333,3,1
1,57,2044.848,94.7,205.785,1,24.512,90.3,2,1
5,57,2077.194,96.1,202.814,1,24.541,91.13333333,9,0
9,57,2092.999,96.1,202.749,1,25.739,91.9,11,0
10,57,2095.629,95.5,204.004,3,25.129,91.85,7,0
1,56,2333.9,100.4,195.419,1,22.831,96.43333333,6,1
4,56,2371.676,100.6,195.046,2,22.276,96.46666667,9,1
6,56,2379.836,101.5,193.248,2,22.607,97.0,14,1
2,56,2386.588,101.0,194.264,3,22.426,96.8,11,0
3,56,2399.772,100.6,195.079,3,22.832,96.46666667,8,0
10,56,2409.411,101.8,192.737,1,22.124,97.65,16,0
9,56,2413.168,100.4,195.456,3,23.13,97.56666667,5,0
8,56,2418.027,101.5,193.364,2,22.832,97.26666667,12,0
5,56,2420.092,101.6,193.225,2,22.63,96.86666667,15,0
7,56,2428.183,101.8,192.679,3,22.351,97.36666667,17,0
11,56,2431.153,102.2,191.962,1,22.874,98.65,19,0
12,56,2435.89,100.3,195.652,3,22.51,98.35,3,0
1,53,1962.0,99.1,212.452,1,29.709,95.6,1,1
10,53,1987.022,100.3,209.969,1,30.001,95.9,4,1
3,53,1993.998,100.1,210.315,1,30.498,96.8,3,1
2,53,2012.217,101.2,208.115,1,29.841,97.1,6,0
4,53,2036.427,99.7,211.07,1,29.551,97.33333333,2,0
4,66,2500.0,88.8,188.682,2,22.348,83.3,6,1
5,66,2500.616,88.5,189.274,1,22.107,83.46666667,4,1
6,66,2505.581,88.0,190.488,3,21.603,83.7,2,1
3,66,2543.95,88.2,189.98,3,21.683,83.33333333,3,0
7,66,2545.271,89.1,188.12,1,21.856,83.93333333,8,0
8,66,2561.395,89.7,186.899,1,22.874,84.06666667,11,0
9,66,2579.538,89.8,186.612,2,21.918,84.16666667,15,0
18,66,2580.707,89.2,187.789,1,21.384,84.9,9,0
3,78,3569.1,77.9,154.135,1,26.315,74.26666667,1,1
1,78,3576.352,78.3,153.437,1,25.054,74.3,3,1
7,78,3582.925,78.4,153.139,2,25.608,75.03333333,4,1
4,78,3584.946,78.0,154.005,1,25.114,74.5,2,0
9,78,3654.176,79.2,151.739,1,25.512,75.33333333,8,0
5,78,3662.099,79.2,151.62,1,25.215,75.0,11,0
2,78,3662.39,78.8,152.523,1,26.698,74.23333333,6,0
1,70,1865.3,76.0,206.625,1,22.243,73.33333333,2,1
3,70,1870.311,76.3,205.769,2,22.361,73.6,3,1
7,70,1911.722,76.9,204.055,1,22.184,73.96666667,10,1
5,70,1918.32,76.3,205.71,2,22.909,73.93333333,4,0
2,70,1927.393,75.6,207.669,1,22.466,73.23333333,1,0
6,70,1928.317,76.9,204.105,1,22.82,73.96666667,9,0
4,70,1928.934,76.5,205.207,1,22.872,73.56666667,5,0
1,51,1972.4,106.5,202.946,1,20.058,103.0,1,1
3,51,1989.096,107.0,201.917,1,20.422,104.5333333,5,1
7,51,1997.641,107.0,201.988,1,20.614,103.9666667,4,1
4,51,2005.502,107.2,201.629,1,20.593,104.5666667,6,0
10,51,2028.735,106.8,202.306,1,20.108,109.9333333,2,0
8,51,2033.286,107.6,200.836,1,19.732,104.8,9,0
2,51,2041.629,107.7,200.59,1,19.84,104.2333333,12,0
9,51,2043.096,107.0,202.021,1,20.069,104.9666667,3,0
12,51,2050.108,108.0,200.077,1,20.347,104.85,15,0
5,51,2057.775,107.8,200.543,1,19.445,104.9,13,0
19,51,2077.217,107.6,200.802,1,20.185,105.8,10,0
1,71,1658.1,68.4,227.647,2,16.983,67.0,1,1
8,71,1663.819,69.6,223.7,2,17.165,68.4,5,1
4,71,1664.124,68.9,226.11,3,18.455,68.0,4,1
6,71,1674.81,68.5,227.381,2,17.959,67.13333333,2,0
5,71,1689.081,68.8,226.459,3,18.347,68.1,3,0
3,71,1695.806,70.0,222.476,3,18.307,68.4,9,0
13,71,1702.768,69.9,222.718,2,18.86,67.75,8,0
15,71,1705.5,70.1,222.042,3,18.636,67.6,11,0
1,52,2095.8,95.8,221.44,2,28.728,89.73333333,3,1
3,52,2104.05,96.4,219.979,2,29.429,90.76666667,6,1
2,52,2112.711,95.5,221.957,1,29.395,90.1,1,1
4,52,2122.011,96.0,220.882,2,29.813,91.2,4,0
5,52,2165.543,97.0,218.648,1,29.578,91.2,8,0
10,52,2172.741,97.9,216.625,2,28.915,92.1,15,0
8,52,2173.512,97.6,217.25,2,29.867,92.1,11,0
7,52,2181.658,97.4,217.734,2,29.895,91.93333333,10,0
11,52,2187.454,96.9,218.786,2,29.163,91.26666667,7,0
15,52,2188.4,97.7,217.141,1,30.315,92.45,13,0
2,70,2430.1,83.8,188.095,1,21.441,86.36666667,3,1
1,70,2432.077,83.7,188.497,1,21.233,85.36666667,2,1
3,70,2457.639,84.6,186.407,2,22.006,87.83333333,5,1
5,70,2458.313,84.4,186.904,2,21.535,86.9,4,0
4,70,2478.759,84.7,186.234,2,21.687,87.9,7,0
14,70,2479.144,83.1,189.822,2,21.857,91.15,1,0
2,67,1844.2,78.7,209.107,3,18.475,74.8,3,1
3,67,1851.196,78.4,209.918,2,18.738,75.26666667,1,1
4,67,1857.613,78.9,208.673,3,18.967,75.26666667,4,1
1,67,1860.045,79.1,208.114,2,18.936,74.9,5,0
6,67,1876.77,78.7,209.203,3,19.0,75.6,2,0
5,67,1881.223,79.6,206.937,2,19.142,75.36666667,6,0
8,67,1914.249,80.1,205.686,2,19.144,75.8,12,0
1,44,2691.1,111.7,225.64,1,16.60333333,107.2333333,2,1
5,44,2705.213,112.5,224.205,1,16.64,107.8666667,4,1
21,44,2718.734,111.6,225.969,1,16.675,110.0,1,1
7,44,2727.007,113.5,222.094,2,16.64166667,107.6333333,10,0
6,44,2731.76,113.4,222.321,2,16.67166667,107.6666667,8,0
4,44,2736.494,112.7,223.674,2,16.64166667,107.6,5,0
8,44,2751.251,114.1,220.946,2,16.63833333,108.0666667,12,0
3,44,2752.209,113.5,222.157,3,15.72,107.5,9,0
10,44,2756.973,114.3,220.517,2,16.67833333,107.9,14,0
2,44,2762.238,113.3,222.582,2,16.64166667,107.5,7,0
18,44,2764.977,114.3,220.53,2,16.64333333,108.65,13,0
11,44,2767.574,113.8,221.561,2,16.65666667,108.55,11,0
19,44,2778.197,112.1,224.965,1,16.675,109.1,3,0
13,44,2784.265,113.3,222.641,2,16.67,108.9,6,0
2,53,1048.1,86.6,240.82,1,25.55,81.96666667,9,1
1,53,1063.17,86.3,241.646,1,23.633,81.5,4,1
3,53,1069.09,86.3,241.626,2,25.033,82.46666667,5,1
4,53,1075.661,86.0,242.452,1,24.116,82.63333333,3,0
6,53,1093.395,85.9,242.726,2,23.633,82.73333333,2,0
5,53,1099.115,86.7,240.517,2,23.899,82.73333333,10,0
7,53,1102.336,86.4,241.361,2,23.827,82.83333333,8,0
8,53,1113.054,86.9,239.93,2,24.033,83.03333333,12,0
11,53,1113.717,86.4,241.375,2,23.822,83.25,7,0
9,53,1126.756,87.0,239.837,1,24.043,83.03333333,13,0
1,61,3349.0,110.3,165.318,1,26.35,103.6333333,6,1
2,61,3349.488,107.2,170.113,1,25.925,103.7666667,1,1
3,61,3357.038,107.8,169.221,1,24.453,104.0,3,1
5,61,3359.219,108.2,168.515,1,24.874,104.2333333,4,0
22,61,3376.694,107.3,169.863,1,24.342,109.1,2,0
4,61,3420.197,109.1,167.207,1,25.74,104.1333333,5,0
9,61,3438.198,111.2,163.902,1,24.649,104.9,12,0
17,61,3460.062,111.5,163.508,2,28.742,104.8333333,15,0
7,61,3460.557,110.9,164.353,1,24.584,104.7666667,9,0
15,61,3468.952,110.9,164.48,1,25.816,106.8,8,0
4,56,2232.8,97.4,204.771,1,24.197,94.16666667,3,1
3,56,2235.243,97.4,204.925,2,23.856,94.2,2,1
2,56,2258.316,96.4,206.948,3,23.476,93.8,1,1
6,56,2261.585,97.5,204.736,2,24.412,94.03333333,4,0
11,56,2294.382,99.2,201.159,1,23.828,94.9,9,0
7,56,2296.594,99.3,200.898,2,23.947,94.63333333,11,0
22,56,2298.005,98.3,203.017,3,23.92,97.2,6,0
8,56,2306.862,97.8,204.051,2,24.012,94.56666667,5,0
9,56,2314.616,98.7,202.094,2,24.645,94.73333333,8,0
19,56,2328.266,99.4,200.853,1,23.928,96.0,12,0
16,56,2331.678,99.2,201.07,1,24.4,95.5,10,0
1,53,1603.3,96.0,217.651,1,22.673,91.06666667,5,1
3,53,1608.278,96.4,216.89,2,22.788,91.73333333,6,1
2,53,1609.076,95.2,219.703,2,22.732,91.33333333,2,1
6,53,1623.569,95.1,219.781,2,22.887,91.3,1,0
8,53,1631.67,96.0,217.785,2,22.762,91.33333333,4,0
4,53,1637.241,95.5,218.877,1,22.996,91.8,3,0
5,53,1660.795,96.8,216.061,2,22.721,92.3,7,0
9,53,1662.477,97.4,214.74,1,22.832,92.23333333,10,0
12,53,1701.063,97.8,213.787,1,22.463,92.5,14,0
11,53,1701.623,97.8,213.658,1,25.007,92.35,15,0
7,53,1702.554,97.0,215.473,1,23.741,92.23333333,8,0
1,56,2292.6,102.4,193.842,2,23.575,95.93333333,4,1
2,56,2297.12,101.9,194.773,1,23.526,96.0,3,1
3,56,2312.292,102.6,193.523,2,23.534,96.2,7,1
6,56,2335.734,99.9,198.712,2,23.812,96.7,1,0
12,56,2386.553,103.5,191.752,1,23.683,97.65,10,0
10,56,2388.724,102.8,193.002,2,24.281,97.4,8,0
1,71,2431.4,82.6,187.592,1,21.709,79.06666667,4,1
2,71,2439.754,82.8,187.148,1,21.997,79.6,5,1
4,71,2452.258,81.1,190.972,1,22.087,79.46666667,1,1
3,71,2452.723,82.9,186.934,1,21.775,79.33333333,6,0
7,71,2458.713,82.5,187.817,1,22.035,79.56666667,2,0
6,71,2480.776,82.5,187.783,1,22.398,79.63333333,3,0
5,71,2490.291,83.3,186.034,1,22.134,79.9,9,0
8,71,2497.012,83.5,185.472,1,22.396,79.96666667,11,0
9,71,2507.606,83.6,185.392,1,21.863,80.2,12,0
12,71,2508.198,83.6,185.324,1,22.213,80.3,13,0
1,71,61.3,85.6,181.137,2,24.7,71.13333333,3,1
2,71,72.755,86.2,179.912,2,24.69333333,71.33333333,6,1
4,71,82.781,85.3,181.846,5,24.041,71.76666667,1,1
9,71,86.646,87.1,178.113,2,24.705,72.4,11,0
5,71,87.634,86.2,179.968,3,24.73166667,71.9,5,0
15,71,90.46,87.2,177.99,2,24.71833333,72.9,13,0
8,71,91.127,86.7,178.862,2,24.282,72.3,8,0
6,71,91.786,85.5,181.363,5,24.521,71.96666667,2,0
21,71,103.92,87.5,177.189,2,24.72,73.7,15,0
10,71,105.732,87.1,178.09,1,24.821,72.43333333,12,0
11,71,106.592,86.1,180.246,1,24.724,72.55,4,0
22,71,107.109,87.8,176.686,2,24.75166667,73.4,16,0
14,71,112.492,87.5,177.333,4,24.74,72.9,14,0
18,71,112.855,86.5,179.284,4,24.265,73.4,7,0
19,71,121.798,87.9,176.439,2,24.75,73.4,18,0
17,71,143.294,87.0,178.338,1,24.192,73.3,10,0
1,55,2284.0,105.1,190.174,2,21.355,99.23333333,5,1
2,55,2284.439,105.3,189.95,2,21.218,99.7,9,1
5,55,2284.843,103.7,192.756,1,21.711,100.0,1,1
6,55,2285.685,105.2,190.084,1,21.221,100.0333333,7,0
3,55,2289.315,104.9,190.624,2,21.768,100.3333333,3,0
4,55,2302.816,105.2,190.127,1,21.959,99.83333333,6,0
7,55,2334.114,105.9,188.717,2,21.482,100.7333333,13,0
8,55,2342.776,105.2,189.972,1,21.308,100.7,8,0
10,55,2343.436,105.7,189.206,2,21.539,101.1,10,0
9,55,2343.896,104.5,191.343,2,22.248,101.2333333,2,0
14,55,2360.777,105.0,190.477,2,22.527,101.55,4,0
13,55,2379.113,105.9,188.754,1,22.032,101.55,12,0
2,57,1451.7,86.6,220.351,1,21.988,83.7,3,1
1,57,1461.675,87.0,219.351,1,21.709,83.23333333,6,1
3,57,1462.95,86.6,220.465,1,21.44,83.4,2,1
4,57,1474.093,86.5,220.605,1,22.033,83.6,1,0
5,57,1480.527,87.0,219.525,1,22.208,84.03333333,5,0
7,57,1535.086,88.0,216.83,1,21.568,84.7,9,0
1,56,2256.2,95.4,205.745,2,17.616,92.46666667,1,1
2,56,2262.45,95.4,205.648,2,17.354,92.46666667,2,1
16,56,2301.392,96.7,202.886,3,17.421,95.4,7,1
5,56,2302.235,96.8,202.741,1,17.34,93.5,8,0
4,56,2304.276,96.0,204.406,3,17.435,92.53333333,4,0
3,56,2305.008,95.8,204.734,3,17.323,92.73333333,3,0
11,56,2329.093,97.4,201.478,1,17.337,94.4,10,0
3,57,2033.4,93.8,207.652,2,24.314,89.93333333,4,1
2,57,2040.06,92.8,209.952,2,30.682,89.7,1,1
1,57,2053.797,94.1,207.076,2,24.54,89.8,5,1
5,57,2055.875,93.7,207.887,2,25.856,90.13333333,3,0
4,57,2072.746,93.5,208.387,2,25.2,90.56666667,2,0
8,57,2087.726,94.3,206.705,2,24.24,90.73333333,6,0
18,57,2096.006,94.6,205.933,1,24.332,92.3,7,0
9,57,2108.265,94.9,205.198,2,24.965,91.13333333,8,0
7,57,2113.588,95.4,204.286,2,25.135,90.36666667,12,0
14,57,2129.111,95.2,204.7,2,24.505,91.75,11,0
3,52,1688.7,97.4,216.221,1,29.356,93.53333333,3,1
1,52,1689.317,97.3,216.343,1,30.097,93.9,2,1
2,52,1699.7,96.8,217.388,1,30.152,94.0,1,1
4,52,1725.02,98.4,213.955,1,29.739,94.0,6,0
7,52,1749.116,98.4,213.888,1,29.567,95.23333333,8,0
9,52,1775.488,98.7,213.385,1,29.868,95.66666667,9,0
10,52,1783.704,98.7,213.203,1,30.253,95.5,10,0
8,52,1784.888,98.4,213.912,1,30.28,95.36666667,7,0
1,66,2156.5,83.6,200.471,1,21.544,79.93333333,1,1
2,66,2159.99,83.7,200.277,2,22.307,80.13333333,2,1
6,66,2232.32,83.7,200.248,1,21.811,80.93333333,3,1
2,78,2684.3,75.2,159.669,1,24.306,72.56666667,2,1
1,78,2687.445,75.5,159.058,1,24.833,72.5,3,1
5,78,2688.045,75.8,158.577,1,24.183,73.06666667,4,1
3,78,2689.817,76.4,157.16,1,24.308,72.8,9,0
4,78,2690.499,76.3,157.387,1,25.343,72.76666667,8,0
6,78,2696.338,76.6,156.73,1,24.427,73.36666667,14,0
13,78,2700.101,75.8,158.433,1,24.155,73.85,5,0
8,78,2702.45,77.1,155.823,1,24.66,73.43333333,18,0
14,78,2703.745,76.5,156.947,1,24.353,77.15,12,0
11,78,2705.743,76.3,157.42,1,24.979,73.75,7,0
16,78,2707.037,76.6,156.801,1,25.472,74.7,13,0
15,78,2708.025,76.5,157.072,1,24.299,74.1,10,0
7,78,2723.389,74.8,160.561,2,25.026,73.4,1,0
1,70,1985.2,74.6,210.588,1,23.061,72.23333333,1,1
3,70,2004.983,75.9,206.862,1,22.946,72.5,5,1
6,70,2020.497,76.2,206.126,1,23.309,72.96666667,8,1
2,70,2021.107,74.7,210.115,2,23.345,72.5,2,0
8,70,2025.676,76.4,205.58,1,23.229,73.26666667,11,0
9,70,2025.916,76.2,205.904,1,23.409,73.3,9,0
4,70,2043.832,75.4,208.25,1,23.5,72.8,3,0
10,70,2045.574,76.1,206.204,1,26.764,73.5,7,0
10,51,235.6,104.9,206.048,3,15.135,102.8333333,4,1
2,51,239.504,103.9,207.946,3,14.978,101.8333333,3,1
8,51,239.609,105.1,205.605,2,15.327,102.9,5,1
4,51,241.576,103.4,208.919,2,15.174,102.2333333,1,0
1,51,241.788,103.5,208.862,2,15.234,101.3,2,0
7,51,265.898,105.6,204.581,2,15.061,102.7,9,0
12,51,277.353,106.3,203.277,2,15.128,103.9,11,0
15,51,285.0,105.9,204.133,2,14.966,103.4,10,0
19,51,295.151,105.2,205.488,2,15.104,104.3,6,0
14,51,324.693,107.1,201.743,5,21.92666667,104.45,15,0
17,51,327.394,107.2,201.619,3,21.91666667,104.8,16,0
18,51,327.76,106.6,202.636,2,15.097,105.0,13,0
1,71,1308.5,67.8,229.115,1,22.387,64.8,5,1
2,71,1309.158,67.5,230.306,1,21.75,64.9,4,1
4,71,1314.512,67.4,230.491,1,21.713,65.33333333,2,1
8,71,1315.93,67.4,230.597,1,20.761,64.76666667,1,0
3,71,1328.87,67.5,230.341,1,21.662,64.96666667,3,0
6,71,1381.66,68.6,226.633,1,22.026,65.56666667,10,0
1,51,1287.4,90.6,234.025,1,27.733,91.2,1,1
9,51,1301.463,90.9,233.294,1,27.858,91.93333333,3,1
2,51,1323.97,91.5,231.733,1,28.476,92.2,4,1
4,51,1339.525,90.7,233.878,2,28.056,92.13333333,2,0
19,51,1353.355,91.9,230.833,1,27.91,103.0,6,0
5,51,1355.509,92.6,229.08,1,30.841,92.46666667,8,0
3,51,1381.389,91.9,230.838,1,28.363,92.13333333,5,0
1,70,2386.7,80.8,195.176,1,22.317,76.76666667,4,1
2,70,2387.608,80.5,196.015,1,21.919,77.0,2,1
3,70,2399.162,81.2,194.198,1,22.681,77.33333333,6,1
4,70,2399.585,80.8,195.149,1,21.338,76.96666667,5,0
5,70,2399.976,80.5,195.944,1,33.605,77.03333333,3,0
7,70,2457.923,80.2,196.697,1,22.399,77.93333333,1,0
1,44,1482.8,106.6,236.526,1,22.037,103.2333333,2,1
2,44,1485.158,106.6,236.583,1,22.443,103.7,1,1
6,44,1493.591,107.5,234.445,1,22.9,104.4,3,1
4,44,1497.271,107.7,234.051,1,22.533,103.9,5,0
3,44,1499.256,107.7,234.071,2,22.919,103.7,4,0
7,44,1510.887,108.9,231.49,1,23.507,105.1,7,0
11,44,1514.353,109.1,231.14,2,22.756,105.4,8,0
16,44,1519.449,109.6,229.98,1,22.667,105.8,11,0
9,44,1520.954,109.7,229.804,2,23.2,105.2333333,14,0
13,44,1522.247,109.7,229.829,1,24.095,105.4,13,0
15,44,1531.799,110.5,228.095,2,23.109,106.9,16,0
19,44,1532.74,109.7,229.831,1,22.444,106.0,12,0
14,44,1536.039,109.3,230.725,2,24.674,105.05,10,0
20,44,1539.878,109.9,229.415,2,26.187,105.4,15,0
12,44,1550.062,109.1,231.057,1,22.828,105.45,9,0
17,44,1552.511,110.8,227.618,2,23.221,107.2,17,0
1,53,932.3,83.5,249.793,1,23.725,95.43333333,2,1
6,53,968.617,83.9,248.576,1,24.307,97.16666667,4,1
16,53,972.635,83.4,250.174,1,23.951,97.46666667,1,0
5,53,992.382,85.1,245.194,1,25.367,97.73333333,8,0
2,53,1006.456,85.6,243.559,1,26.131,97.23333333,10,0
7,53,1007.134,85.5,243.981,1,25.078,98.03333333,9,0
10,53,1007.576,85.0,245.442,1,25.377,98.05,6,0
5,58,203.5,105.0,173.643,3,24.337,101.0666667,1,1
3,58,208.007,105.3,173.16,3,24.362,100.7666667,2,1
6,58,212.3,105.4,172.989,2,25.367,101.7666667,3,1
10,58,226.322,106.5,171.151,3,25.356,102.0333333,4,0
12,58,228.859,106.7,170.84,3,25.288,102.9,7,0
11,58,230.759,106.7,170.855,3,25.113,102.3,5,0
9,58,233.888,106.7,170.855,3,24.543,101.6,6,0
18,58,245.196,107.5,169.599,3,25.584,104.7,9,0
15,58,246.782,107.6,169.402,3,26.228,103.75,11,0
14,58,248.295,107.7,169.339,3,24.664,103.2,12,0
17,58,250.036,107.1,170.323,3,25.731,104.0,8,0
3,56,1801.3,94.5,211.235,1,23.652,91.1,4,1
1,56,1814.07,94.5,211.269,1,23.489,90.9,3,1
4,56,1823.819,94.8,210.56,1,24.199,91.36666667,5,1
5,56,1857.321,95.3,209.424,1,23.676,91.3,6,0
9,56,1879.93,95.6,208.751,1,24.314,92.0,7,0
1,53,1651.2,93.8,222.917,1,22.724,88.03333333,6,1
4,53,1652.411,93.7,223.036,1,22.62,88.73333333,5,1
3,53,1660.879,93.7,223.122,1,23.796,88.9,3,1
6,53,1661.78,93.1,224.439,1,22.876,88.5,1,0
10,53,1683.822,93.2,224.364,1,23.699,88.93333333,2,0
5,53,1718.988,94.8,220.419,1,24.078,89.46666667,11,0
7,53,1722.624,94.7,220.649,1,23.634,89.43333333,10,0
12,53,1740.153,95.3,219.274,1,23.065,90.4,13,0
13,53,1741.083,95.3,219.253,1,22.781,90.8,14,0
1,56,2031.0,98.8,200.927,1,23.402,93.76666667,5,1
2,56,2041.143,97.8,203.003,2,23.62,94.26666667,1,1
5,56,2046.779,98.8,200.86,1,23.575,94.33333333,6,1
16,56,2047.768,98.1,202.394,2,23.423,94.43333333,4,0
3,56,2065.967,97.8,203.001,2,23.254,94.23333333,2,0
6,56,2121.98,100.5,197.482,1,24.502,95.16666667,13,0
7,56,2123.944,100.5,197.555,1,24.525,95.1,12,0
2,71,2186.6,78.9,196.4,1,22.57,76.9,2,1
4,71,2206.278,79.4,195.207,1,21.758,77.26666667,3,1
5,71,2240.607,80.1,193.549,1,22.54,77.6,6,1
1,71,2256.678,78.8,196.666,2,22.379,77.03333333,1,0
2,71,1886.3,72.5,213.849,2,17.817,68.83333333,7,1
1,71,1889.062,72.5,214.064,3,17.784,68.8,5,1
3,71,1890.9,72.5,213.987,2,18.027,69.0,6,1
4,71,1919.24,71.0,218.349,2,17.913,69.23333333,1,0
14,71,1934.991,72.0,215.363,2,17.929,69.53333333,4,0
9,71,1955.182,73.5,211.19,2,17.736,69.73333333,11,0
6,71,1955.663,73.5,211.193,3,17.716,69.8,10,0
5,71,1955.8,73.1,212.347,3,17.822,69.83333333,8,0
1,55,2054.1,100.7,198.652,1,21.478,96.8,1,1
2,55,2057.999,101.5,197.041,1,21.274,96.83333333,3,1
3,55,2073.43,100.8,198.416,1,21.221,97.2,2,1
5,55,2099.486,102.3,195.376,1,21.609,97.26666667,7,0
6,55,2100.369,102.0,195.969,1,21.269,97.7,5,0
7,55,2139.813,102.4,195.303,1,29.724,98.4,8,0
8,55,2146.162,102.7,194.708,1,21.869,98.46666667,11,0
9,55,2153.011,102.6,194.86,1,21.865,98.56666667,10,0
3,58,1773.3,86.5,220.782,1,21.787,82.33333333,4,1
1,58,1778.336,86.4,220.845,1,21.821,82.03333333,3,1
2,58,1779.609,86.4,221.027,1,21.421,82.46666667,2,1
8,58,1780.369,85.9,222.128,1,21.44,82.86666667,1,0
10,58,1801.186,87.0,219.489,1,22.573,83.65,7,0
4,58,1802.245,86.9,219.737,1,20.953,82.6,5,0
7,58,1805.971,87.1,219.23,1,22.628,83.6,9,0
15,58,1807.639,87.0,219.386,1,21.664,82.9,8,0
11,58,1808.221,87.0,219.54,1,22.474,84.0,6,0
9,58,1819.022,87.9,217.079,1,23.868,83.4,12,0
12,58,1820.117,87.6,217.849,1,22.327,84.15,11,0
14,58,1833.578,87.6,217.931,1,21.854,84.65,10,0
18,58,1849.059,88.8,215.085,1,22.242,84.6,15,0
13,58,1851.588,88.5,215.688,2,21.397,84.35,14,0
1,57,1921.9,94.5,206.274,1,24.524,88.46666667,7,1
3,57,1922.599,93.7,207.842,1,26.105,88.73333333,1,1
9,57,1928.412,94.0,207.371,1,24.302,88.7,2,1
5,57,1984.134,94.9,205.382,1,24.835,89.73333333,11,0
6,57,1996.946,94.3,206.549,2,24.629,89.53333333,5,0
7,57,2020.924,94.7,205.807,2,24.382,89.7,9,0
6,56,2136.4,95.8,204.871,2,22.691,92.83333333,1,1
3,56,2145.294,97.0,202.332,1,22.097,92.2,6,1
2,56,2146.037,96.5,203.446,1,22.913,92.0,3,1
4,56,2153.385,96.9,202.559,1,22.464,92.3,4,0
5,56,2156.836,96.2,203.974,2,22.596,92.5,2,0
7,56,2157.452,96.9,202.553,2,23.297,92.83333333,5,0
13,56,2167.039,97.2,201.818,1,24.11,93.3,7,0
1,56,2171.686,97.5,201.311,1,23.009,91.9,9,0
9,56,2172.163,97.8,200.744,2,23.117,93.03333333,11,0
11,56,2175.994,98.2,199.93,1,22.973,93.2,14,0
12,56,2180.45,98.0,200.271,2,22.637,93.35,12,0
8,56,2181.125,97.7,200.911,2,22.334,93.06666667,10,0
14,56,2185.773,98.1,199.961,1,23.73,93.65,13,0
18,56,2191.89,98.5,199.224,1,22.661,94.3,17,0
16,56,2194.641,98.6,198.973,2,22.723,94.1,18,0
20,56,2199.004,98.4,199.455,1,22.785,94.9,16,0
10,56,2201.696,97.4,201.453,1,22.981,92.86666667,8,0
17,56,2202.73,98.4,199.493,1,23.95,94.1,15,0
19,56,2218.975,98.8,198.603,1,23.392,94.5,19,0
2,51,2624.3,105.4,205.012,1,20.377,102.3666667,2,1
6,51,2626.76,106.5,202.874,2,21.149,102.5,7,1
8,51,2628.324,106.2,203.48,2,26.174,103.3,6,1
1,51,2629.629,105.5,204.783,1,20.037,102.4333333,4,0
9,51,2631.815,106.9,202.242,2,20.967,103.4333333,9,0
13,51,2633.458,107.4,201.212,1,21.058,103.95,11,0
12,51,2635.231,107.4,201.126,2,21.371,104.0,12,0
10,51,2636.846,106.8,202.319,1,19.737,104.0,8,0
16,51,2638.452,107.7,200.72,3,20.76,104.5,13,0
19,51,2642.33,108.3,199.567,2,20.809,117.4,17,0
18,51,2642.812,107.9,200.239,4,14.998,105.5,14,0
17,51,2649.02,108.0,200.035,1,20.782,104.5,15,0
15,51,2664.963,108.2,199.813,2,21.778,104.25,16,0
1,66,2130.0,79.1,211.77,1,22.085,77.0,3,1
2,66,2150.593,79.5,210.85,1,23.213,77.0,5,1
5,66,2156.873,79.4,210.999,1,21.74,77.16666667,4,1
3,66,2157.584,79.1,211.783,1,22.054,76.7,2,0
6,66,2180.058,78.4,213.638,1,21.618,77.33333333,1,0
1,78,2574.8,75.6,158.984,1,24.542,71.36666667,5,1
2,78,2582.136,76.1,157.933,1,23.964,71.63333333,7,1
3,78,2591.813,76.3,157.508,1,23.739,71.76666667,8,1
4,78,2592.927,76.4,157.257,1,24.263,71.76666667,10,0
5,78,2593.622,76.3,157.422,1,24.02,71.93333333,9,0
6,78,2598.467,77.0,155.96,1,24.663,72.43333333,14,0
10,78,2599.131,77.1,155.815,1,24.296,72.46666667,15,0
11,78,2599.639,76.1,157.941,1,25.213,72.75,6,0
8,78,2643.813,77.5,155.027,1,24.874,72.43333333,18,0
16,78,2644.664,76.9,156.145,1,24.291,73.3,12,0
9,78,2645.261,77.5,154.917,1,29.379,72.4,19,0
19,78,2649.623,77.5,155.057,1,24.237,73.4,17,0
1,68,1711.4,74.0,212.26,1,23.529,71.33333333,2,1
2,68,1718.776,74.0,212.179,1,23.775,71.43333333,3,1
3,68,1719.76,73.9,212.547,1,23.137,71.46666667,1,1
6,68,1732.292,74.2,211.701,1,23.279,71.66666667,5,0
4,68,1732.959,74.2,211.633,1,23.335,71.5,6,0
5,68,1738.584,74.1,211.941,1,23.645,71.46666667,4,0
1,53,1811.4,94.5,222.531,1,24.31,90.63333333,5,1
4,53,1818.49,94.3,223.083,1,24.395,91.0,2,1
6,53,1837.288,94.4,222.792,1,24.289,91.16666667,3,1
5,53,1846.136,95.4,220.494,1,24.309,91.43333333,7,0
3,53,1873.335,94.5,222.587,2,31.029,91.0,4,0
9,53,1890.764,95.4,220.395,1,25.419,92.2,8,0
2,53,1892.032,94.2,223.201,1,27.955,91.03333333,1,0
7,53,1898.584,95.6,219.904,1,25.423,92.16666667,9,0
12,53,1903.389,95.9,219.365,1,25.016,92.5,11,0
8,53,1905.273,96.0,219.127,1,25.026,92.4,12,0
4,71,1316.0,67.4,230.491,1,21.214,64.03333333,4,1
3,71,1317.504,67.0,232.16,1,21.552,63.96666667,1,1
6,71,1319.181,67.1,231.728,1,23.912,63.76666667,2,1
2,52,1649.8,90.7,233.831,2,28.174,86.3,1,1
1,52,1652.064,91.2,232.424,1,28.982,86.33333333,3,1
3,52,1653.452,90.8,233.576,2,28.985,86.66666667,2,1
4,52,1658.683,91.4,232.089,1,27.894,86.53333333,4,0
6,52,1659.3,91.6,231.551,2,28.001,87.5,5,0
11,52,1678.02,93.4,227.049,1,28.719,87.95,7,0
10,52,1679.73,93.6,226.562,1,29.41,88.1,13,0
13,52,1680.915,93.5,226.862,2,28.085,88.15,10,0
7,52,1682.988,93.6,226.567,1,28.45,87.66666667,12,0
12,52,1684.508,93.5,226.887,1,28.651,88.05,9,0
17,52,1685.574,93.6,226.695,1,28.284,89.1,11,0
14,52,1688.929,93.5,226.904,1,28.676,88.35,8,0
18,52,1697.913,94.6,224.134,1,28.224,89.3,18,0
14,67,1949.8,75.5,217.968,1,18.978,73.0,1,1
2,67,1954.335,75.7,217.461,1,19.188,72.2,2,1
3,67,1956.532,76.0,216.691,1,19.647,72.1,4,1
4,67,1957.454,75.9,217.085,3,19.087,72.36666667,3,0
7,67,1976.409,77.9,211.351,1,19.584,73.0,16,0
6,67,1978.671,76.7,214.641,3,19.752,72.73333333,5,0
10,67,1980.356,77.9,211.468,1,25.13,73.1,15,0
15,67,1981.55,77.9,211.267,1,19.57,73.7,17,0
13,67,1982.162,77.7,211.8,1,18.84,73.65,12,0
17,67,1983.997,77.7,211.974,1,19.309,74.0,9,0
5,67,1984.719,77.7,211.93,1,19.818,72.6,10,0
8,67,1992.869,77.4,212.661,2,19.637,73.0,7,0
19,67,1996.417,77.5,212.368,2,19.621,74.4,8,0
1,70,2236.4,81.1,194.454,1,21.48,88.1,4,1
4,70,2253.523,80.1,197.007,1,23.111,87.16666667,2,1
3,70,2256.501,80.3,196.428,2,21.829,88.83333333,3,1
12,70,2282.819,80.0,197.115,1,21.364,87.45,1,0
2,70,2286.4,81.7,192.957,1,21.337,88.36666667,8,0
6,70,2309.673,81.7,193.078,1,21.684,89.16666667,7,0
2,44,1414.5,106.6,236.435,1,19.582,107.8,2,1
1,44,1425.561,106.7,236.264,1,19.372,107.6,3,1
7,44,1445.872,106.9,235.767,1,19.942,109.5333333,4,1
19,44,1478.105,106.3,237.231,1,20.349,102.5,1,0
4,44,1485.523,108.1,233.293,1,19.667,109.6333333,7,0
3,44,1494.02,108.1,233.298,1,19.582,109.7333333,6,0
5,44,1500.453,108.3,232.856,1,20.28,109.5666667,8,0
9,44,1502.139,107.9,233.602,1,20.021,110.6666667,5,0
10,44,1520.392,108.6,232.202,1,20.136,104.0,9,0
3,53,1014.5,82.5,252.794,1,23.728,79.96666667,1,1
1,53,1023.205,83.5,249.713,1,23.862,79.86666667,4,1
4,53,1028.566,82.9,251.544,1,23.763,80.5,3,1
2,53,1030.651,82.5,252.77,2,24.301,79.8,2,0
5,53,1032.708,83.6,249.432,1,24.003,80.76666667,6,0
1,61,3071.6,102.9,177.108,1,28.946,97.56666667,2,1
2,61,3080.561,103.3,176.368,1,29.681,97.43333333,5,1
3,61,3111.584,104.7,174.137,1,28.722,97.56666667,6,1
4,61,3123.53,104.7,174.052,1,28.542,97.76666667,8,0
5,61,3124.601,104.7,174.061,1,29.513,97.5,7,0
6,61,3125.582,103.1,176.753,1,28.779,97.53333333,3,0
11,61,3174.601,103.2,176.677,1,29.922,98.8,4,0
2,53,1645.2,95.9,219.492,1,29.551,92.16666667,2,1
1,53,1647.745,95.9,219.617,1,29.794,92.36666667,1,1
3,53,1652.687,96.0,219.322,1,29.798,92.8,3,1
4,53,1661.743,96.6,217.913,1,29.531,92.86666667,6,0
19,53,1676.216,96.3,218.655,1,29.37,93.0,4,0
18,53,1725.651,96.3,218.514,1,37.446,93.2,5,0
7,53,1743.59,98.1,214.59,1,30.397,93.6,9,0
1,53,1637.1,92.8,225.307,1,22.614,88.16666667,2,1
2,53,1650.019,93.1,224.521,1,22.777,88.46666667,3,1
3,53,1651.395,93.4,223.903,1,28.789,89.13333333,6,1
15,53,1656.595,93.2,224.336,1,22.864,89.8,4,0
4,53,1688.098,94.2,221.869,1,22.781,89.23333333,12,0
8,53,1706.973,92.3,226.447,1,22.748,89.83333333,1,0
9,53,1716.479,94.1,222.223,1,23.635,92.33333333,9,0
5,53,1724.298,94.8,220.551,1,23.692,89.73333333,15,0
11,53,1725.155,94.7,220.821,1,23.316,89.83333333,14,0
2,56,2058.6,98.5,201.527,1,23.714,93.3,5,1
18,56,2059.881,98.2,202.011,1,23.446,94.8,2,1
1,56,2060.942,97.4,203.782,1,23.693,93.26666667,1,1
5,56,2076.822,98.3,201.941,1,24.449,93.33333333,3,0
3,56,2083.344,98.5,201.551,1,23.478,93.6,4,0
7,56,2145.81,99.5,199.369,1,24.681,94.56666667,8,0
11,56,2153.594,99.9,198.75,1,29.319,94.75,11,0
2,71,2308.9,79.2,195.67,2,22.088,75.4,2,1
4,71,2326.216,79.5,194.844,2,21.777,75.6,4,1
6,71,2358.814,80.3,192.874,1,22.017,75.9,5,1
3,71,2387.638,80.7,191.933,1,22.269,75.4,8,0
1,71,1629.1,71.8,216.065,1,22.641,67.86666667,7,1
5,71,1630.569,71.6,216.72,1,23.432,68.0,4,1
4,71,1633.864,71.8,216.143,1,22.766,68.0,6,1
11,71,1634.293,71.3,217.434,1,23.3,68.13333333,3,0
3,71,1652.043,70.5,219.909,2,22.727,67.86666667,1,0
2,71,1656.097,70.8,219.005,1,22.551,67.9,2,0
7,71,1673.299,72.1,215.204,1,23.593,68.5,8,0
8,71,1680.33,72.4,214.372,1,23.403,68.46666667,12,0
10,71,1681.957,72.2,214.835,1,23.115,68.6,10,0
1,55,2380.4,101.4,197.267,1,21.283,95.76666667,5,1
3,55,2382.981,100.9,198.225,1,22.63,96.06666667,1,1
6,55,2393.106,101.9,196.198,1,21.057,96.3,6,1
5,55,2395.779,101.2,197.477,1,21.061,96.5,3,0
2,55,2428.357,101.0,198.056,2,21.289,96.06666667,2,0
11,55,2452.948,101.4,197.278,1,21.964,97.4,4,0
8,55,2471.189,102.9,194.354,1,21.828,96.63333333,10,0
14,55,2471.675,102.8,194.467,1,22.112,97.4,8,0
2,58,1527.3,85.6,223.075,1,22.014,81.4,1,1
1,58,1548.186,86.1,221.839,1,21.515,81.16666667,2,1
4,58,1549.82,86.3,221.327,1,21.157,81.96666667,3,1
3,58,1584.409,88.0,217.054,1,21.995,82.0,8,0
5,58,1585.503,86.9,219.621,1,22.306,81.7,4,0
7,58,1614.456,88.2,216.493,1,22.388,82.26666667,9,0
3,57,2061.3,93.5,208.314,1,24.255,88.7,2,1
4,57,2064.28,94.2,206.808,2,24.433,88.86666667,3,1
1,57,2067.431,93.4,208.575,2,24.358,88.13333333,1,1
5,57,2067.708,95.3,204.417,1,24.199,89.16666667,9,0
2,57,2097.368,94.9,205.313,2,24.212,88.43333333,4,0
9,57,2107.054,95.8,203.422,1,24.175,89.23333333,12,0
8,57,2108.77,95.6,203.822,2,25.621,89.5,11,0
13,57,2119.394,95.3,204.46,2,24.484,89.7,8,0
12,57,2123.997,96.8,201.372,2,24.842,89.5,16,0
14,57,2124.996,96.3,202.254,2,26.798,89.85,14,0
16,57,2125.899,95.2,204.575,2,24.88,90.0,7,0
2,56,1926.4,95.9,204.642,1,22.644,92.1,5,1
1,56,1932.952,94.9,206.842,1,22.196,91.96666667,4,1
3,56,1940.174,94.8,206.921,2,22.316,92.53333333,2,1
5,56,1954.027,96.1,204.108,2,22.365,92.6,6,0
4,56,1957.676,94.9,206.869,1,22.921,92.3,3,0
6,56,2015.707,94.7,207.126,1,22.301,93.23333333,1,0
1,51,1912.9,104.0,207.748,1,20.006,101.3333333,2,1
2,51,1914.424,104.2,207.465,1,19.993,101.2666667,3,1
3,51,1924.639,104.6,206.546,1,19.981,101.5666667,4,1
4,51,1930.393,104.8,206.221,1,20.973,101.4,5,0
8,51,1982.007,103.0,209.795,2,19.857,101.7,1,0
5,51,1989.316,105.5,204.795,1,20.939,101.9,7,0
9,51,1996.726,105.8,204.247,1,19.755,102.15,10,0
7,51,2013.168,105.4,205.047,1,19.819,102.1333333,6,0
13,51,2016.716,106.0,203.858,1,23.099,102.6,12,0
2,66,2150.4,78.5,213.499,1,22.265,76.43333333,1,1
1,66,2154.474,78.7,212.835,2,22.018,76.1,2,1
4,66,2158.079,79.8,210.081,1,22.417,76.76666667,3,1
3,66,2159.567,79.8,209.947,2,21.643,76.8,4,0
5,66,2163.761,80.0,209.469,2,21.638,76.9,5,0
6,66,2169.976,80.5,208.08,2,22.095,77.16666667,6,0
8,66,2178.559,80.8,207.478,1,22.025,77.3,9,0
12,66,2182.742,80.9,207.249,1,21.468,77.7,10,0
9,66,2183.456,80.7,207.591,1,22.049,77.56666667,8,0
7,66,2185.041,81.1,206.743,1,22.379,77.33333333,12,0
11,66,2185.845,81.0,206.817,1,23.591,77.6,11,0
13,66,2187.158,80.6,207.876,1,22.379,77.93333333,7,0
0,66,2189.641,81.3,206.171,1,22.193,78.4,13,0
14,66,2192.203,81.4,205.917,1,22.342,77.95,14,0
15,66,2197.277,81.9,204.717,1,22.781,78.1,16,0
18,66,2198.091,81.8,204.782,1,22.381,78.7,15,0
1,78,2608.4,76.2,157.721,1,24.266,70.83333333,6,1
4,78,2611.002,76.3,157.494,1,24.483,71.16666667,9,1
2,78,2611.562,75.2,159.828,2,24.776,70.86666667,2,1
3,78,2613.937,76.2,157.593,1,24.011,70.93333333,7,0
8,78,2618.346,74.3,161.73,2,23.858,71.4,1,0
9,78,2661.854,75.9,158.295,1,23.795,71.63333333,5,0
7,78,2662.974,76.3,157.471,1,24.023,71.43333333,10,0
10,78,2663.6,75.6,158.89,1,25.062,71.7,3,0
6,78,2669.294,75.7,158.701,1,24.269,71.5,4,0
13,78,2669.434,76.7,156.531,1,24.219,71.9,16,0
12,78,2675.201,76.4,157.214,1,25.026,71.75,13,0
2,70,1747.1,74.8,209.851,1,23.662,70.96666667,4,1
1,70,1750.758,74.9,209.677,1,23.782,70.83333333,5,1
3,70,1751.796,74.4,211.14,1,23.732,71.1,2,1
6,70,1798.143,73.1,214.833,2,23.456,71.13333333,1,0
9,70,1804.755,74.8,209.98,1,23.426,71.7,3,0
1,53,1471.2,92.8,226.717,1,30.186,89.46666667,2,1
2,53,1489.256,93.6,224.725,1,30.412,89.53333333,3,1
3,53,1490.185,93.8,224.146,1,30.203,89.76666667,4,1
4,53,1506.105,94.2,223.351,1,30.118,90.26666667,5,0
7,53,1533.996,92.7,226.775,1,30.044,90.13333333,1,0
6,53,1566.662,94.6,222.408,1,29.92,90.3,6,0
2,71,1321.8,67.5,230.378,1,21.11,63.66666667,1,1
1,71,1324.524,68.0,228.62,1,21.878,63.5,3,1
3,71,1340.76,68.6,226.716,1,22.552,63.83333333,7,1
9,71,1341.41,67.7,229.694,2,22.251,64.05,2,0
4,71,1344.605,68.0,228.432,1,30.067,63.63333333,5,0
2,52,1268.5,87.4,242.735,1,28.905,85.46666667,1,1
1,52,1293.428,87.4,242.633,2,28.177,85.53333333,2,1
3,52,1298.617,89.3,237.452,2,28.348,85.4,5,1
5,52,1303.192,89.5,236.839,1,27.905,85.96666667,8,0
4,52,1307.958,89.3,237.561,1,27.827,85.6,4,0
13,52,1322.139,89.8,236.277,1,27.98,86.4,11,0
7,52,1322.901,89.6,236.628,2,28.381,86.3,9,0
12,52,1334.04,90.0,235.551,1,28.364,86.55,14,0
17,52,1335.22,89.9,235.875,2,28.811,86.7,12,0
10,52,1341.233,89.9,235.773,1,28.926,86.46666667,13,0
8,52,1342.781,89.6,236.596,2,27.919,86.23333333,10,0
9,52,1344.117,90.9,233.378,1,28.954,86.4,15,0
18,52,1349.586,89.4,237.248,2,29.074,86.8,6,0
2,64,2671.3,76.6,214.839,5,19.062,72.36666667,1,1
14,64,2679.605,77.7,211.9,4,20.671,73.2,6,1
15,64,2680.266,77.8,211.566,5,20.152,73.4,8,0
7,64,2680.883,77.8,211.538,2,19.964,72.9,9,0
16,64,2681.352,77.8,211.514,4,19.931,73.5,10,0
3,70,2103.8,78.5,200.84,2,21.39,75.46666667,2,1
1,70,2121.596,77.1,204.552,2,21.164,75.33333333,1,1
5,70,2165.233,79.8,197.673,1,24.819,75.83333333,4,1
4,70,2169.05,80.5,195.937,1,21.575,75.7,5,0
1,44,1425.7,106.7,236.39,1,22.449,103.0,4,1
3,44,1426.681,106.6,236.577,1,23.497,104.0666667,3,1
4,44,1438.285,106.5,236.832,1,22.579,104.1666667,2,1
2,44,1452.122,106.4,236.957,2,22.786,103.4666667,1,0
17,44,1507.025,107.5,234.537,1,22.506,105.65,5,0
7,44,1510.148,108.8,231.79,1,23.133,105.0333333,13,0
19,44,1515.357,108.1,233.157,1,22.834,106.5,7,0
12,44,1532.339,108.3,232.714,2,23.0,104.9666667,9,0
13,44,1534.868,109.7,229.848,1,22.772,106.4,17,0
16,44,1535.538,108.4,232.697,1,22.774,105.5,10,0
1,53,926.7,83.0,251.235,1,23.833,79.66666667,4,1
3,53,927.535,82.9,251.69,1,23.7,79.86666667,3,1
2,53,961.899,81.8,255.014,2,23.731,79.7,1,1
5,53,972.215,83.5,249.859,1,24.32,80.0,7,0
6,53,984.865,83.6,249.337,1,24.092,80.16666667,8,0
8,53,986.015,83.4,250.165,1,29.83,80.2,6,0
18,53,1000.502,83.8,248.953,1,25.34,81.3,9,0
3,61,3513.7,104.8,173.916,1,29.384,97.16666667,5,1
1,61,3516.341,104.7,174.047,1,29.168,96.96666667,4,1
4,61,3517.521,105.2,173.298,1,28.846,97.46666667,8,1
2,61,3518.308,104.9,173.73,1,28.93,96.96666667,7,0
5,61,3519.819,103.5,176.046,1,29.234,97.16666667,2,0
6,61,3525.363,105.3,173.159,1,28.606,98.13333333,9,0
9,61,3528.469,105.7,172.412,1,30.397,98.16666667,11,0
11,61,3529.247,105.8,172.326,1,32.482,98.9,13,0
8,61,3530.418,105.8,172.333,2,29.152,98.63333333,12,0
10,61,3541.555,105.6,172.553,2,28.96,99.0,10,0
17,61,3549.136,106.3,171.507,1,29.456,100.3,16,0
7,61,3549.674,106.0,172.001,2,30.623,98.23333333,15,0
16,61,3550.119,104.9,173.76,3,29.46,100.0,6,0
14,61,3551.878,104.4,174.634,1,28.799,100.0,3,0
19,61,3560.724,106.8,170.674,1,29.033,101.2,18,0
13,61,3600.222,102.3,178.168,1,29.403,99.8,1,0
2,53,2019.0,95.8,219.847,1,29.751,92.76666667,1,1
4,53,2022.829,96.3,218.58,1,29.436,93.1,3,1
1,53,2024.212,96.2,218.86,2,29.401,92.53333333,2,1
9,53,2033.21,96.9,217.18,1,29.978,92.76666667,5,0
0,53,2057.348,96.8,217.573,1,29.854,99.2,4,0
5,53,2064.889,98.0,214.78,1,30.103,93.73333333,6,0
11,53,2067.728,98.0,214.73,1,30.271,94.15,7,0
7,53,2076.749,98.3,214.166,1,29.29,93.73333333,11,0
13,53,2077.779,98.1,214.539,1,30.509,94.0,8,0
6,53,2078.841,98.5,213.692,2,29.786,93.8,12,0
14,53,2079.821,98.6,213.493,1,30.168,94.25,15,0
19,53,2081.496,98.2,214.325,2,29.571,99.5,9,0
15,53,2087.91,98.6,213.541,1,25.038,94.8,13,0
16,53,2089.076,98.6,213.504,1,29.935,94.25,14,0
12,53,2092.346,98.7,213.309,2,30.227,94.4,16,0
3,52,1306.8,91.9,227.571,1,23.0,87.96666667,4,1
1,52,1320.143,92.1,226.929,2,23.213,88.1,5,1
4,52,1320.658,91.0,229.77,1,23.582,87.93333333,1,1
6,52,1366.337,92.8,225.332,2,23.301,88.5,8,0
7,52,1375.901,93.6,223.434,1,23.476,88.63333333,12,0
3,71,2208.9,79.5,194.993,1,22.269,75.8,4,1
2,71,2210.666,79.4,195.19,1,21.862,75.93333333,3,1
6,71,2212.453,79.5,194.912,1,22.179,76.1,5,1
1,71,2215.268,79.2,195.557,1,22.002,75.86666667,1,0
5,71,2230.299,79.3,195.328,2,22.003,76.03333333,2,0
4,71,2277.707,80.4,192.702,1,24.493,75.6,11,0
11,71,2282.719,80.5,192.512,1,22.357,77.1,12,0
13,71,2283.824,80.1,193.327,1,22.345,77.1,9,0
1,56,2035.7,97.0,204.696,2,23.819,93.0,2,1
5,56,2039.848,98.4,201.6,1,23.943,92.93333333,7,1
3,56,2040.702,98.2,202.077,2,23.444,92.9,5,1
4,56,2087.939,96.2,206.374,2,23.844,92.96666667,1,0
6,56,2113.738,98.0,202.458,2,23.213,93.13333333,3,0
9,56,2126.066,100.6,197.354,1,23.751,93.63333333,14,0
8,56,2126.464,98.1,202.365,1,24.678,93.3,4,0
1,71,1994.7,70.9,218.909,3,22.593,67.73333333,2,1
6,71,2000.777,72.4,214.185,1,22.922,68.83333333,9,1
8,71,2004.152,73.1,212.106,1,23.463,69.06666667,15,0
12,71,2004.901,73.0,212.44,1,23.155,69.05,14,0
11,71,2005.241,72.7,213.278,2,29.491,69.0,11,0
3,71,2005.839,71.1,218.232,1,22.882,68.13333333,3,0
10,71,2005.904,72.3,214.472,2,23.355,68.9,7,0
15,71,2006.229,72.8,212.965,1,23.079,69.15,12,0
16,71,2006.631,72.4,214.304,1,22.759,69.3,8,0
9,71,2007.432,73.3,211.738,2,23.479,68.9,17,0
18,71,2008.299,73.8,210.331,3,22.441,70.1,19,0
7,71,2008.947,73.6,210.711,2,23.471,68.93333333,18,0
5,71,2009.627,71.1,218.217,2,23.071,68.16666667,4,0
13,71,2012.759,72.9,212.69,3,22.747,68.95,13,0
1,55,2045.7,99.3,201.387,1,22.178,95.43333333,1,1
2,55,2062.472,101.1,197.731,1,21.023,95.93333333,5,1
3,55,2089.135,100.4,199.064,2,21.274,95.73333333,4,1
20,55,2090.079,99.7,200.515,1,21.145,95.63333333,2,0
4,55,2110.057,100.1,199.688,2,21.858,96.03333333,3,0
5,55,2114.905,102.2,195.603,1,22.028,96.16666667,8,0
1,71,1855.7,67.7,229.758,2,16.407,63.33333333,2,1
7,71,1858.4,67.9,228.933,3,18.748,64.13333333,4,1
3,71,1861.191,67.5,230.378,3,18.163,64.0,1,1
5,71,1861.389,67.7,229.572,2,16.365,63.43333333,3,0
8,71,1864.603,68.0,228.687,3,20.064,64.16666667,5,0
6,71,1870.792,68.3,227.579,2,16.546,64.1,6,0
12,71,1872.382,69.0,225.205,2,19.911,64.45,11,0
14,71,1873.156,68.9,225.509,2,19.626,64.75,10,0
18,71,1876.846,68.8,225.954,3,19.678,65.2,9,0
11,71,1880.245,68.6,226.524,3,19.33,64.4,8,0
20,71,1887.35,69.7,223.146,3,19.488,65.8,16,0
1,71,1370.7,66.7,232.989,1,21.729,78.43333333,3,1
4,71,1384.419,67.5,230.177,1,21.376,79.4,7,1
2,71,1404.398,66.1,235.01,1,20.937,78.9,2,1
6,71,1415.1,67.3,230.981,1,21.505,80.3,6,0
9,71,1432.17,67.2,231.345,1,22.406,79.26666667,5,0
17,71,1433.087,67.2,231.362,1,22.761,81.6,4,0
12,71,1433.153,67.8,229.162,1,22.118,79.65,10,0
8,71,1433.291,67.8,229.166,1,21.603,80.03333333,9,0
1,70,2172.5,76.6,205.823,2,22.264,74.2,1,1
7,70,2181.202,79.2,199.176,2,21.268,75.1,4,1
2,70,2181.952,77.7,203.072,3,21.572,74.53333333,2,1
3,70,2230.079,79.0,199.708,3,22.057,74.83333333,3,0
13,70,2250.816,79.4,198.534,2,22.174,75.7,5,0
1,52,1681.3,89.2,237.652,1,28.805,85.16666667,3,1
3,52,1687.156,87.1,243.494,1,28.208,85.83333333,1,1
4,52,1699.774,89.8,236.13,1,29.52,86.06666667,9,1
8,52,1700.95,89.5,237.004,1,29.559,86.33333333,5,0
5,52,1703.577,90.1,235.488,1,30.289,86.36666667,12,0
9,52,1708.237,89.5,236.98,1,30.768,86.3,6,0
11,52,1712.488,89.6,236.684,1,29.414,86.4,7,0
12,52,1713.97,88.7,239.123,1,28.834,86.55,2,0
6,52,1718.611,90.5,234.402,1,28.716,86.16666667,13,0
10,52,1723.157,90.5,234.242,1,29.439,86.43333333,15,0
2,52,1723.467,89.3,237.58,1,30.571,85.13333333,4,0
20,52,1733.304,90.9,233.404,1,29.302,86.9,16,0
7,52,1734.67,89.9,235.776,1,28.487,86.26666667,10,0
15,52,1735.505,91.0,233.109,1,28.355,87.2,17,0
18,52,1735.849,90.5,234.335,1,31.371,87.7,14,0
17,52,1736.35,89.8,236.212,1,33.816,87.6,8,0
4,52,1182.0,89.5,237.049,2,28.986,86.73333333,2,1
2,52,1193.326,88.5,239.766,1,28.406,86.1,1,1
1,52,1201.231,89.8,236.256,2,28.188,85.9,4,1
8,52,1211.289,90.6,234.203,1,29.419,86.9,8,0
9,52,1221.146,89.5,237.017,2,27.858,86.83333333,3,0
6,52,1224.538,90.9,233.365,2,27.974,86.76666667,15,0
3,52,1237.951,90.1,235.412,2,28.386,86.56666667,6,0
14,52,1246.773,90.6,234.144,1,28.093,87.15,10,0
10,52,1247.544,90.7,233.826,1,27.949,86.96666667,11,0
16,52,1251.669,90.7,233.723,1,28.036,87.9,12,0
7,52,1252.642,90.1,235.399,2,28.306,86.73333333,7,0
11,52,1255.37,90.8,233.602,1,28.167,87.35,13,0
12,52,1256.07,90.6,234.193,2,28.772,87.3,9,0
1,66,1905.3,79.8,209.942,2,21.853,76.16666667,2,1
3,66,1929.477,81.5,205.677,1,21.532,76.66666667,4,1
2,66,1950.052,78.2,214.343,2,22.143,76.33333333,1,1
1,44,1448.8,107.8,233.99,1,23.298,101.8666667,2,1
2,44,1457.248,108.0,233.503,1,25.548,102.1333333,5,1
3,44,1464.255,108.3,232.809,1,23.314,102.5,8,1
4,44,1467.677,107.5,234.589,1,23.586,102.6333333,1,0
6,44,1489.45,108.5,232.305,1,24.305,102.8,10,0
5,44,1491.512,108.7,231.886,1,22.738,102.6333333,12,0
10,44,1492.574,108.6,232.279,1,23.046,102.9666667,11,0
12,44,1496.171,107.8,233.815,1,22.681,103.0,3,0
9,44,1501.403,109.1,231.036,1,23.689,102.8,13,0
8,44,1501.979,108.4,232.628,1,23.175,102.8333333,9,0
11,44,1519.0,109.8,229.572,1,23.769,103.0,15,0
16,44,1520.304,109.8,229.593,1,22.96,103.7,14,0
14,44,1521.694,110.0,229.309,1,22.982,103.45,16,0
13,44,1523.72,107.8,233.813,2,25.1,103.35,4,0
17,44,1525.593,110.0,229.184,1,23.636,103.8,17,0
19,44,1526.595,108.0,233.362,2,23.477,104.1,6,0
20,44,1534.34,108.1,233.287,2,24.339,104.3,7,0
10,53,2826.1,84.0,248.162,1,24.096,80.06666667,6,1
3,53,2826.515,83.9,248.62,1,24.398,79.83333333,2,1
8,53,2829.458,83.9,248.576,1,25.28833333,80.1,3,1
6,53,2832.1,84.2,247.587,1,24.612,80.03333333,7,0
2,53,2833.208,84.0,248.386,1,24.41,79.26666667,5,0
7,53,2834.491,83.9,248.573,1,25.498,80.13333333,4,0
1,53,2843.345,82.7,252.033,1,24.671,79.16666667,1,0
12,53,2844.791,84.5,246.831,1,25.29,80.45,11,0
11,53,2848.308,84.5,246.863,1,25.92,80.25,10,0
4,53,2849.324,84.3,247.282,2,25.41666667,79.8,8,0
20,53,2858.976,85.0,245.353,2,25.385,81.7,16,0
16,53,2861.264,84.8,245.972,1,25.936,81.1,12,0
14,53,2862.412,84.8,245.827,1,24.454,80.95,13,0
19,53,2862.693,84.4,247.033,1,25.249,81.6,9,0
9,53,2863.633,84.9,245.564,2,25.47,80.43333333,15,0
18,53,2881.299,84.9,245.766,1,23.998,81.2,14,0
1,59,1175.1,78.8,239.518,1,17.536,75.4,1,1
2,59,1179.98,79.4,237.712,1,17.56,75.4,2,1
4,59,1183.164,80.0,235.909,1,17.591,76.13333333,3,1
8,59,1185.517,80.4,234.774,1,17.464,76.56666667,4,0
7,59,1190.75,80.6,234.175,1,17.531,76.46666667,5,0
11,59,1193.983,81.2,232.542,1,17.845,76.75,7,0
12,59,1196.856,81.5,231.8,1,17.522,76.9,10,0
5,59,1203.445,81.2,232.453,1,17.516,76.43333333,9,0
13,59,1204.87,81.2,232.64,2,17.594,77.0,6,0
14,59,1205.083,81.2,232.531,2,17.516,77.0,8,0
18,59,1207.504,81.6,231.269,1,18.399,77.2,11,0
15,59,1217.136,82.3,229.532,5,19.69833333,77.2,13,0
3,53,2040.4,97.0,216.972,1,29.75,92.36666667,1,1
2,53,2048.129,97.3,216.298,1,28.748,92.9,3,1
1,53,2063.129,98.1,214.66,1,41.352,92.36666667,7,1
4,53,2070.958,98.1,214.515,1,29.602,93.0,8,0
5,53,2092.465,97.9,215.074,1,30.112,92.76666667,6,0
10,53,2102.586,99.1,212.54,1,30.261,93.65,11,0
7,53,2108.406,99.2,212.191,1,30.068,93.13333333,13,0
11,53,2109.14,99.1,212.369,1,29.662,93.35,12,0
9,53,2130.166,97.2,216.523,2,29.409,93.26666667,2,0
15,53,2138.26,98.4,214.001,2,30.111,93.36666667,9,0
2,60,2149.6,88.1,210.253,2,23.18,85.83333333,2,1
3,60,2154.07,88.1,210.267,1,22.106,85.8,1,1
6,60,2164.213,89.6,206.876,1,22.159,86.36666667,3,1
9,60,2165.67,89.7,206.608,2,22.612,86.7,4,0
10,60,2171.505,90.1,205.625,2,22.503,86.83333333,6,0
12,60,2172.366,90.1,205.668,1,22.625,86.95,5,0
4,60,2180.414,90.7,204.303,1,22.56,86.36666667,10,0
20,60,2182.196,90.7,204.256,2,22.686,88.0,11,0
16,60,2188.681,91.6,202.407,1,23.635,87.6,14,0
14,60,2189.635,90.9,203.861,1,22.482,87.2,12,0
11,60,2190.41,90.4,204.99,1,22.616,86.9,7,0
19,60,2191.076,90.5,204.755,1,22.865,87.8,9,0
15,60,2199.185,90.5,204.881,1,23.016,87.15,8,0
18,60,2204.049,91.4,202.816,2,24.063,87.8,13,0
13,60,2205.188,92.2,200.975,2,22.527,87.05,16,0
1,66,1796.8,78.7,212.708,1,27.162,76.76666667,1,1
2,66,1822.392,79.3,211.113,1,26.512,76.73333333,2,1
3,66,1831.308,79.9,209.767,1,26.394,76.93333333,4,1
4,66,1862.112,80.4,208.322,1,26.94,77.3,7,0
2,63,1712.4,75.5,234.121,1,30.382,74.16666667,1,1
1,63,1718.183,75.9,232.831,1,29.6,74.13333333,2,1
5,63,1726.72,77.6,227.878,1,30.204,75.0,4,1
8,63,1727.541,77.7,227.543,2,29.809,75.03333333,6,0
7,63,1731.511,78.2,226.067,1,30.243,74.9,12,0
11,63,1732.052,78.1,226.325,1,29.985,75.25,9,0
10,63,1732.63,78.1,226.226,1,29.95,75.13333333,11,0
9,63,1733.531,78.1,226.368,1,29.683,75.06666667,8,0
18,63,1734.624,78.1,226.313,1,29.863,76.0,10,0
20,63,1738.798,78.8,224.286,1,29.745,76.2,15,0
19,63,1739.535,78.7,224.499,1,29.892,76.0,14,0
14,63,1740.853,77.8,227.248,2,29.934,75.5,7,0
15,63,1741.563,78.4,225.528,2,30.566,75.65,13,0
16,63,1745.335,78.8,224.206,1,30.422,75.9,17,0
6,63,1769.684,76.2,231.991,2,29.552,74.9,3,0
6,58,2539.3,99.4,193.302,1,23.86,117.6333333,6,1
3,58,2570.933,100.4,191.417,1,25.163,117.0,12,1
11,58,2571.26,99.7,192.819,1,24.022,119.3,8,1
12,58,2573.158,100.0,192.242,2,23.687,120.6,11,0
15,58,2573.663,98.8,194.592,2,23.537,121.45,4,0
2,58,2584.173,98.4,195.231,2,22.518,111.9666667,3,0
4,58,2585.784,99.1,193.915,2,22.49,114.0333333,5,0
14,58,2600.559,96.8,198.508,1,22.684,121.05,1,0
1,58,2611.653,99.9,192.319,2,23.65,116.2333333,10,0
5,58,2634.76,100.7,190.875,2,23.208,117.1666667,13,0
1,57,3587.5,92.9,209.803,1,19.4,87.73333333,3,1
3,57,3588.754,92.0,211.741,1,19.40833333,88.2,1,1
4,57,3595.505,93.7,207.967,1,19.36,88.56666667,10,1
9,57,3598.837,93.6,208.18,1,19.23166667,88.96666667,7,0
15,57,3599.287,93.4,208.575,1,19.28833333,89.0,5,0
8,57,3599.442,94.8,205.482,1,19.34166667,88.8,16,0
6,57,3606.868,92.8,209.887,1,19.32833333,88.66666667,2,0
2,57,3607.18,93.4,208.706,1,19.32,88.16666667,4,0
7,57,3610.303,94.4,206.49,1,19.34833333,88.83333333,13,0
5,87,1875.1,56.8,224.599,1,24.214,53.93333333,3,1
11,87,1885.618,57.3,222.402,1,24.414,54.15,12,1
10,87,1886.969,57.4,222.255,1,24.684,54.2,14,1
8,87,1887.68,57.2,223.122,1,24.162,54.1,9,0
7,87,1888.43,57.0,223.85,1,24.474,54.1,6,0
12,87,1888.942,57.1,223.548,2,23.645,54.3,8,0
6,87,1889.634,57.0,223.764,1,24.101,54.03333333,7,0
1,87,1890.489,56.6,225.497,1,24.552,53.7,2,0
2,87,1893.656,55.4,230.214,4,24.235,53.8,1,0
19,87,1894.641,57.3,222.713,2,24.245,54.45,11,0
9,87,1895.627,57.2,222.908,2,24.577,54.1,10,0
13,87,1897.711,56.9,224.141,3,24.809,54.25,5,0
14,87,1899.211,56.9,224.212,2,24.551,54.45,4,0
18,87,1901.253,57.4,222.305,2,24.401,55.0,13,0
15,87,1907.47,57.5,221.76,2,25.466,54.7,16,0
17,87,1908.774,57.4,222.24,1,24.863,54.9,15,0
20,87,1911.958,57.7,220.892,3,25.78,55.4,17,0
1,55,2188.6,101.0,198.046,1,21.289,95.6,2,1
2,55,2204.576,101.1,197.707,1,21.587,95.5,3,1
3,55,2207.015,101.4,197.144,1,22.406,95.43333333,5,1
5,55,2208.587,101.2,197.52,1,21.508,95.8,4,0
4,55,2249.329,102.0,196.092,1,21.84,95.76666667,12,0
6,55,2254.262,101.9,196.125,1,22.14,96.16666667,11,0
11,55,2262.348,100.9,198.109,1,22.123,96.55,1,0
9,55,2278.318,102.5,195.116,1,22.0,96.33333333,15,0
10,55,2289.669,102.9,194.32,1,21.615,96.6,18,0
8,55,2291.338,101.9,196.281,1,22.036,96.2,9,0
2,56,1923.9,94.0,207.235,2,24.076,90.03333333,4,1
1,56,1924.645,93.2,208.984,2,23.848,89.93333333,2,1
3,56,1961.283,92.1,211.566,1,24.262,90.33333333,1,1
7,56,1970.366,94.4,206.398,1,24.899,90.33333333,6,0
0,56,1975.947,94.0,207.334,1,23.993,90.95,3,0
4,56,1982.99,95.0,205.112,2,24.176,90.13333333,11,0
6,56,1989.904,94.9,205.233,2,24.655,90.3,10,0
8,56,1991.0,94.5,206.151,2,24.341,90.63333333,7,0
13,56,2009.592,94.8,205.603,2,24.328,90.9,8,0
10,56,2010.613,94.9,205.378,1,24.884,90.83333333,9,0
14,56,2012.764,95.2,204.672,2,24.046,91.35,14,0
3,63,154.6,77.5,227.96,2,27.02333333,74.83333333,2,1
1,63,176.6,76.7,230.403,4,1.098333333,74.66666667,1,1
7,63,178.302,78.3,225.819,2,26.41666667,74.86666667,3,1
4,63,180.179,78.4,225.473,2,26.825,74.96666667,6,0
11,63,181.636,78.5,225.154,2,26.37,75.3,7,0
6,63,205.82,79.3,222.739,2,26.24666667,75.16666667,12,0
2,66,2071.4,80.9,206.971,2,22.164,78.43333333,4,1
3,66,2100.548,80.7,207.581,2,22.104,78.96666667,3,1
1,66,2104.93,79.9,209.738,1,21.377,78.5,1,1
4,66,2111.135,80.6,207.715,1,21.89,79.0,2,0
7,66,2122.769,81.7,205.038,1,21.407,78.8,7,0
8,66,2127.181,81.5,205.541,1,21.323,79.16666667,6,0
6,66,2135.149,81.9,204.562,1,21.275,78.9,8,0
13,66,2136.208,81.0,206.718,1,21.452,79.6,5,0
16,66,2146.769,82.0,204.31,1,21.965,79.8,10,0
9,66,2147.863,82.0,204.243,1,21.353,79.36666667,11,0
5,66,2150.355,82.3,203.471,1,22.029,79.03333333,14,0
1,66,1987.7,80.7,208.64,2,22.078,77.36666667,5,1
2,66,2003.541,78.1,215.357,2,21.592,77.26666667,1,1
3,66,2014.31,79.4,211.884,2,21.638,77.33333333,2,1
4,66,2042.316,80.5,209.174,1,21.613,77.73333333,4,0
8,66,2051.371,79.5,211.743,2,21.345,77.86666667,3,0
7,66,2061.468,81.9,205.612,2,21.762,77.86666667,10,0
6,66,2062.37,81.6,206.33,1,21.779,77.83333333,9,0
2,78,2336.8,74.6,160.929,1,23.746,70.8,6,1
4,78,2345.768,74.6,160.989,1,24.15,70.9,5,1
5,78,2356.227,74.7,160.883,1,23.874,70.96666667,7,1
9,78,2357.29,74.6,161.138,1,24.548,71.4,3,0
8,78,2389.391,75.3,159.503,1,24.369,71.6,11,0
6,78,2390.696,75.4,159.3,1,24.428,71.23333333,14,0
7,78,2405.031,72.9,164.769,1,23.783,71.26666667,1,0
6,51,816.4,104.7,206.432,2,15.277,101.8333333,2,1
11,51,817.785,104.9,206.032,2,14.945,102.35,4,1
4,51,819.162,105.2,205.386,2,15.085,101.9333333,6,1
1,51,820.228,105.4,205.071,2,15.092,101.7,8,0
9,51,821.154,105.3,205.18,2,15.866,101.9,7,0
8,51,822.782,105.6,204.601,3,15.432,102.4666667,11,0
7,51,823.024,104.9,205.936,2,14.943,102.1333333,5,0
5,51,824.109,105.7,204.454,2,15.119,101.8,13,0
13,51,825.274,105.7,204.428,2,14.994,102.45,14,0
14,51,825.976,105.6,204.645,2,15.064,102.75,10,0
10,51,827.664,105.7,204.521,1,20.356,102.5,12,0
17,51,830.641,107.6,200.799,4,15.058,104.2,18,0
18,51,830.715,107.7,200.569,4,15.054,104.2,19,0
2,51,834.068,104.8,206.27,2,15.432,101.5333333,3,0
16,51,859.779,106.6,202.712,1,22.149,103.1,17,0
1,53,1645.8,96.4,218.156,1,29.803,90.7,1,1
2,53,1648.704,97.4,215.903,1,30.263,90.73333333,5,1
4,53,1654.611,96.7,217.504,1,29.682,91.0,2,1
3,53,1660.418,97.0,216.905,1,30.572,90.93333333,3,0
8,53,1709.832,97.4,215.87,1,30.531,91.5,6,0
10,53,1721.657,98.3,213.896,1,29.951,91.73333333,14,0
6,53,1722.396,98.1,214.378,1,30.781,91.4,11,0
9,53,1723.495,97.6,215.382,1,31.288,91.66666667,7,0
12,53,1725.466,97.1,216.508,1,31.069,91.95,4,0
5,53,1745.137,98.9,212.584,1,30.534,91.33333333,18,0
1,71,1338.9,68.0,228.542,1,20.936,64.23333333,3,1
2,71,1374.643,67.1,231.811,1,21.219,64.43333333,1,1
5,71,1385.807,68.6,226.537,1,21.752,64.3,5,1
4,71,1386.334,67.9,228.956,2,20.961,64.33333333,2,0
1,71,1434.5,66.2,234.815,1,21.09,63.93333333,1,1
5,71,1452.473,68.4,227.349,1,21.071,64.33333333,6,1
2,71,1454.519,68.5,227.027,1,26.474,64.16666667,10,1
4,71,1480.952,68.1,228.177,1,21.005,64.26666667,3,0
10,71,1491.644,67.8,229.402,1,21.431,64.6,2,0
3,71,1492.415,68.2,227.956,1,21.735,64.43333333,5,0
13,71,1494.895,68.8,225.876,1,21.151,64.85,14,0
12,71,1495.695,68.7,226.277,1,21.143,64.75,13,0
6,71,1496.344,68.1,228.11,2,20.85,64.43333333,4,0
2,52,3503.3,89.7,236.43,1,34.14,86.3,2,1
4,52,3507.171,90.6,234.159,2,28.433,86.93333333,5,1
3,52,3514.425,90.5,234.275,2,28.209,86.86666667,4,1
5,52,3531.873,91.4,231.979,2,31.706,87.16666667,9,0
6,52,3545.924,91.3,232.325,2,28.817,87.1,8,0
10,52,3546.754,91.2,232.48,1,34.31833333,87.03333333,7,0
7,52,3575.393,91.7,231.276,2,29.743,87.4,10,0
14,52,3577.589,92.0,230.537,2,28.213,87.85,12,0
9,52,3579.462,92.2,229.992,2,28.772,87.35,14,0
16,52,3585.365,90.8,233.497,2,29.134,88.0,6,0
11,52,3588.627,90.3,234.945,3,28.18,87.45,3,0
8,70,283.2,81.4,193.704,3,21.642,76.96666667,5,1
1,70,285.936,78.7,200.363,4,21.208,76.13333333,2,1
15,70,298.218,81.4,193.699,3,21.951,76.6,6,1
9,70,298.851,80.4,196.264,3,21.523,76.76666667,3,0
5,70,346.814,78.4,201.183,3,21.295,76.6,1,0
16,70,359.003,82.5,191.286,3,21.819,77.9,10,0
18,70,361.11,82.8,190.406,3,22.704,78.0,14,0
17,70,362.294,82.1,192.074,3,22.186,77.9,9,0
3,70,363.444,80.9,194.843,5,20.848,75.9,4,0
1,72,1805.4,73.3,209.244,2,18.578,69.33333333,3,1
2,72,1826.332,71.1,215.654,2,18.868,69.56666667,1,1
3,72,1861.86,72.5,211.338,1,18.873,69.73333333,2,1
2,53,1314.4,84.8,245.894,1,23.812,80.56666667,1,1
3,53,1316.147,85.0,245.434,1,24.168,80.33333333,3,1
19,53,1319.321,84.8,245.85,1,24.308,80.1,2,1
5,53,1321.709,85.3,244.433,1,24.557,80.83333333,6,0
8,53,1323.123,85.2,244.901,1,23.906,80.93333333,4,0
6,53,1324.935,85.6,243.747,1,24.283,80.8,8,0
9,53,1330.204,85.9,242.912,1,24.846,81.2,13,0
10,53,1331.601,85.5,243.995,1,24.797,81.3,7,0
14,53,1334.142,85.8,242.963,1,24.156,81.65,11,0
12,53,1335.268,85.6,243.727,1,30.333,81.3,9,0
13,53,1338.143,86.0,242.63,1,24.168,81.9,16,0
11,53,1339.021,85.9,242.672,1,25.157,81.15,15,0
7,53,1341.616,85.7,243.295,2,30.551,80.9,10,0
17,53,1344.169,85.8,242.924,1,24.501,82.5,12,0
18,53,1365.488,86.7,240.52,1,24.714,82.2,17,0
4,53,1841.0,97.6,215.76,1,29.878,105.0666667,2,1
2,53,1903.475,99.3,212.024,2,30.677,105.6333333,12,1
5,53,1906.607,99.1,212.388,2,31.016,106.3,9,0
16,53,1908.533,98.2,214.352,2,29.569,105.4666667,3,0
6,53,1922.321,98.7,213.331,1,30.157,105.8666667,6,0
1,53,1928.224,97.4,216.096,1,29.824,105.0,1,0
13,53,1929.955,100.3,209.921,1,30.102,109.6,16,0
8,53,1931.076,99.2,212.193,2,32.313,105.8666667,10,0
3,53,1941.551,100.6,209.28,1,30.665,105.9,18,0
7,53,1947.198,100.5,209.555,1,30.241,106.5666667,17,0
1,58,1864.1,90.4,212.5,1,22.962,83.86666667,1,1
2,58,1878.684,92.8,207.169,1,22.442,83.83333333,9,1
6,58,1897.571,92.5,207.841,1,22.463,84.23333333,4,1
3,58,1901.914,92.7,207.218,1,23.646,84.06666667,8,0
11,58,1905.912,92.8,207.16,1,22.684,83.53333333,10,0
4,58,1908.392,92.8,207.046,1,29.31,83.93333333,11,0
7,58,1911.313,92.4,207.87,1,23.239,84.56666667,3,0
19,58,1915.626,91.9,209.057,1,28.353,85.2,2,0
8,58,1946.118,92.6,207.506,1,35.509,84.8,6,0
1,56,2076.6,99.1,200.278,1,23.727,93.6,2,1
2,56,2077.933,98.5,201.521,2,23.676,93.83333333,1,1
3,56,2118.823,99.6,199.333,2,23.604,93.9,4,1
4,56,2128.846,99.3,199.861,2,23.805,93.9,3,0
6,56,2153.454,100.3,197.785,2,24.036,94.26666667,8,0
9,56,2156.728,100.1,198.176,2,23.619,94.03333333,6,0
5,56,2160.145,100.4,197.722,1,23.414,94.16666667,9,0
7,56,2160.995,100.2,198.016,1,24.385,94.13333333,7,0
3,71,2319.1,79.0,196.134,1,21.908,76.5,2,1
2,71,2335.655,79.8,194.116,1,22.373,76.56666667,4,1
4,71,2336.852,79.5,194.976,1,22.114,76.8,3,1
5,71,2382.945,80.5,192.453,1,22.549,76.8,7,0
8,71,2400.137,80.7,192.083,1,22.085,76.83333333,9,0
10,71,1942.9,72.0,215.503,1,17.91,68.23333333,2,1
2,71,1953.396,72.5,214.005,2,17.807,68.73333333,3,1
1,71,1956.476,72.5,213.887,2,17.837,68.63333333,4,1
4,71,1982.84,71.0,218.453,2,18.136,68.9,1,0
6,71,1992.417,72.8,213.018,2,17.771,69.03333333,7,0
3,71,1994.72,72.7,213.346,2,18.373,68.93333333,6,0
1,57,1468.5,85.1,227.633,1,25.235,81.46666667,2,1
7,57,1494.243,83.2,232.799,2,25.175,81.76666667,1,1
3,57,1527.957,86.7,223.437,1,25.991,82.0,10,1
11,57,1530.806,85.6,226.227,1,25.419,82.35,3,0
9,57,1549.07,87.1,222.464,1,25.517,82.2,13,0
12,57,1549.774,87.4,221.713,1,26.157,82.55,17,0
5,57,1550.411,86.6,223.726,1,25.639,82.1,9,0
13,57,1551.626,86.6,223.765,1,25.799,82.6,8,0
1,50,375.1,90.7,244.962,2,16.59833333,87.9,1,1
3,50,386.925,91.5,242.943,1,16.60666667,88.0,3,1
2,50,402.631,91.4,243.155,2,16.59833333,87.93333333,2,1
9,50,402.733,91.8,242.125,1,16.61833333,88.66666667,6,0
11,50,415.221,92.7,239.725,1,16.61666667,88.45,11,0
6,50,416.713,92.3,240.813,1,16.69666667,88.26666667,9,0
4,50,419.575,91.6,242.643,2,16.65833333,88.3,4,0
15,50,421.706,91.9,241.983,1,16.74333333,100.95,7,0
10,50,433.605,92.9,239.34,1,16.74833333,88.76666667,15,0
7,50,436.458,91.9,241.817,2,16.955,88.26666667,8,0
18,50,452.312,92.8,239.498,2,17.015,89.4,14,0
16,50,458.349,92.8,239.635,2,16.955,89.2,12,0
1,58,1817.3,86.1,220.8,1,21.152,82.73333333,1,1
2,58,1819.556,86.6,219.495,1,21.595,82.8,3,1
5,58,1822.473,87.6,216.982,1,22.213,83.26666667,9,1
8,58,1822.992,87.5,217.285,2,21.909,83.33333333,7,0
12,58,1823.831,87.3,217.668,2,21.92,83.75,6,0
6,58,1824.763,86.9,218.871,1,21.669,83.1,5,0
3,58,1876.5,86.8,219.123,1,21.38,83.26666667,4,0
11,58,1879.008,87.6,217.01,1,21.304,83.65,8,0
9,58,1881.326,88.2,215.431,1,21.677,83.53333333,10,0
7,58,1883.357,88.4,214.983,2,21.173,83.26666667,12,0
15,58,1884.827,88.3,215.299,1,21.221,84.25,11,0
1,57,2253.6,94.6,206.018,2,24.527,91.0,1,1
3,57,2259.198,95.7,203.501,3,24.287,91.03333333,3,1
5,57,2263.275,96.2,202.469,1,25.201,91.5,5,1
9,57,2264.811,96.3,202.313,2,25.334,91.93333333,6,0
7,57,2268.354,96.6,201.641,1,25.478,91.76666667,8,0
6,57,2269.719,96.6,201.691,2,25.156,91.73333333,7,0
11,57,2273.023,97.1,200.63,3,24.233,91.9,14,0
16,57,2273.986,97.1,200.642,3,24.188,92.7,13,0
8,57,2275.99,96.7,201.412,3,24.508,92.03333333,10,0
15,57,2276.664,96.7,201.512,2,25.291,93.0,9,0
12,57,2286.174,97.0,200.948,1,25.214,92.2,11,0
19,57,2299.473,97.1,200.555,3,25.039,93.0,15,0
14,57,2307.532,97.4,200.125,1,24.874,92.7,18,0
18,57,2308.575,97.3,200.318,2,24.885,92.9,16,0
13,57,2309.935,97.0,200.882,1,24.568,92.1,12,0
20,57,2315.395,98.3,198.3,1,24.457,93.6,20,0
17,57,2317.429,98.2,198.401,3,25.748,92.8,19,0
4,50,1459.3,91.8,242.191,1,20.731,88.76666667,2,1
2,50,1459.849,91.6,242.556,1,21.038,88.66666667,1,1
3,50,1467.397,91.9,241.841,1,21.521,88.66666667,3,1
1,50,1470.1,92.0,241.481,1,20.481,88.93333333,4,0
6,50,1492.032,92.8,239.454,1,21.415,89.46666667,7,0
5,50,1515.317,93.1,238.729,1,21.141,89.6,9,0
11,50,1515.424,92.8,239.629,1,20.383,89.85,5,0
9,50,1522.246,93.5,237.796,1,22.82,89.53333333,10,0
10,50,1523.608,92.8,239.562,1,22.374,89.63333333,6,0
15,50,1533.248,93.0,239.001,1,21.788,90.3,8,0
12,50,1541.515,93.9,236.642,2,15.103,89.9,13,0
17,50,1551.042,93.7,237.332,1,21.425,90.5,11,0
1,58,1666.5,80.3,236.74,1,17.973,78.46666667,1,1
3,58,1687.024,81.1,234.305,1,17.434,78.43333333,3,1
6,58,1692.093,81.5,233.152,1,18.479,79.13333333,4,1
5,58,1695.043,81.9,232.039,1,17.877,79.1,7,0
4,58,1719.803,82.2,231.018,1,17.556,79.03333333,8,0
7,58,1720.237,82.5,230.449,1,18.15,79.26666667,9,0
8,58,1728.183,82.5,230.399,1,19.128,79.26666667,10,0
12,58,1734.939,81.7,232.707,1,18.413,79.35,5,0
11,58,1742.721,82.7,229.669,1,18.926,79.4,13,0
20,58,1745.882,82.6,230.064,1,19.845,80.1,12,0
14,58,1748.195,82.5,230.198,1,18.38,80.05,11,0
1,63,1928.0,78.4,225.281,2,29.942,82.03333333,1,1
3,63,1944.527,78.9,223.845,2,29.627,82.96666667,3,1
5,63,1962.834,80.9,218.439,1,30.07,82.86666667,7,1
11,63,1970.506,81.0,218.28,1,31.079,80.6,8,0
7,63,1971.181,80.8,218.831,1,40.957,83.66666667,6,0
2,63,1984.072,78.6,224.914,2,30.042,82.4,2,0
12,63,1989.11,80.5,219.412,1,30.372,80.5,5,0
13,63,1998.892,81.2,217.61,1,30.484,83.83333333,9,0
8,63,2003.26,81.2,217.538,1,33.765,83.06666667,10,0
3,57,2064.3,91.4,213.255,1,18.798,89.33333333,1,1
1,57,2068.086,91.5,212.959,1,19.697,89.13333333,2,1
2,57,2072.529,91.8,212.258,1,22.063,89.6,3,1
4,57,2074.938,91.8,212.191,2,18.433,89.6,4,0
12,57,2082.882,92.2,211.325,1,19.035,90.35,5,0
6,57,2085.668,92.9,209.629,1,18.82,89.93333333,7,0
5,57,2089.373,93.2,209.083,1,19.614,90.03333333,10,0
18,57,2096.665,93.4,208.494,1,20.059,91.3,15,0
0,57,2101.326,93.3,208.796,1,19.074,90.36666667,12,0
11,57,2101.428,93.3,208.753,1,21.638,90.3,13,0
9,57,2104.446,93.0,209.417,1,18.87,90.13333333,8,0
14,57,2105.202,93.3,208.901,2,19.28,90.45,11,0
19,57,2114.236,94.2,206.896,1,19.185,91.3,18,0
15,57,2137.605,92.5,210.565,1,20.413,90.5,6,0
2,66,2240.5,85.5,196.943,3,21.941,79.46666667,4,1
5,66,2253.572,84.1,200.099,2,21.619,79.86666667,1,1
4,66,2273.427,84.6,198.851,2,22.039,79.7,3,1
3,66,2285.708,86.0,195.731,2,21.867,79.53333333,7,0
6,66,2295.034,84.3,199.755,2,22.105,79.86666667,2,0
7,66,2300.476,86.4,194.802,2,22.541,80.03333333,8,0
12,66,2315.897,85.9,195.845,3,22.033,80.75,6,0
11,66,2323.735,85.6,196.568,1,21.916,80.65,5,0
3,64,3390.3,76.0,158.01,3,19.535,72.2,4,1
2,64,3391.454,76.4,157.197,2,19.58,72.1,7,1
4,64,3391.791,76.1,157.96,3,19.59333333,72.26666667,5,1
1,64,3393.222,76.2,157.552,3,19.61333333,71.96666667,6,0
6,64,3402.268,76.8,156.36,2,19.625,72.5,8,0
5,64,3402.531,74.7,160.834,3,19.71666667,72.33333333,1,0
7,64,3436.658,75.9,158.314,2,19.70166667,72.76666667,3,0
8,64,3440.688,77.2,155.605,3,19.77166667,72.86666667,9,0
12,64,3442.825,77.6,154.809,2,19.77833333,73.2,14,0
9,64,3443.836,77.6,154.893,3,19.49166667,72.86666667,12,0
17,64,3444.589,77.3,155.321,3,19.49166667,73.7,10,0
10,64,3445.944,77.6,154.867,2,19.775,72.76666667,13,0
14,64,3447.935,77.5,154.945,2,19.47833333,73.15,11,0
18,64,3451.102,77.7,154.665,4,19.58333333,73.7,15,0
3,51,2045.9,106.1,203.779,2,20.722,102.2,2,1
2,51,2066.723,106.0,203.787,2,22.349,102.1,1,1
5,51,2091.895,107.2,201.636,2,20.527,103.2666667,4,1
7,51,2117.579,107.0,201.887,2,20.831,103.3333333,3,0
6,51,2123.199,108.5,199.143,1,22.698,103.0666667,16,0
9,51,2129.999,108.2,199.719,1,20.249,103.2333333,12,0
10,51,2134.496,108.0,200.12,1,20.571,103.5666667,8,0
12,51,2138.107,108.3,199.589,1,21.794,104.0,13,0
11,51,2138.456,108.0,200.105,1,21.443,103.8,9,0
13,51,2154.084,108.3,199.551,1,22.638,103.75,14,0
1,70,2181.8,75.8,207.012,2,23.704,85.73333333,2,1
3,70,2182.793,75.7,207.258,1,24.215,86.7,1,1
4,70,2188.806,76.2,206.12,2,23.841,87.4,4,1
8,70,2194.113,76.4,205.443,1,23.951,87.26666667,5,0
19,70,2196.968,75.9,206.843,1,26.199,93.0,3,0
7,70,2205.69,77.1,203.6,2,23.945,87.53333333,9,0
17,70,2220.022,77.4,202.782,1,25.252,95.5,10,0
9,70,2224.847,77.9,201.452,2,24.833,87.9,13,0
16,70,2226.045,78.0,201.39,1,23.406,94.5,15,0
12,70,2226.693,78.0,201.403,2,23.53,90.45,14,0
15,70,2226.983,77.8,201.768,1,23.557,94.5,12,0
14,70,2233.945,77.5,202.588,2,24.134,94.1,11,0
18,70,2241.778,78.5,199.893,1,24.02,95.7,18,0
5,70,2249.98,78.0,201.158,1,38.262,87.43333333,16,0
1,52,1070.3,90.8,233.53,3,28.435,100.9333333,2,1
4,52,1074.079,90.9,233.212,3,28.155,101.5333333,3,1
5,52,1076.525,90.5,234.312,3,28.996,101.1666667,1,1
3,52,1078.846,91.3,232.33,2,28.805,100.7666667,4,0
7,52,1079.871,91.6,231.501,2,28.733,101.9666667,5,0
6,52,1082.243,91.6,231.41,3,28.659,101.8,6,0
2,52,1089.077,92.4,229.633,4,28.709,100.3,8,0
19,52,1089.295,92.1,230.244,2,29.147,102.7,7,0
18,52,1092.656,92.5,229.343,3,28.54,102.7,10,0
17,52,1094.89,92.7,228.872,2,29.473,102.2,12,0
20,52,1096.447,92.4,229.571,2,28.632,103.4,9,0
10,52,1102.811,93.3,227.339,3,28.438,109.4666667,13,0
14,52,1103.117,92.6,228.914,4,29.345,103.15,11,0
13,52,1111.21,93.8,226.016,3,29.448,103.1,15,0
2,71,1464.3,67.6,230.01,2,21.319,65.23333333,2,1
1,71,1465.832,67.3,231.063,3,21.319,65.43333333,1,1
8,71,1505.517,69.0,225.286,2,22.697,68.26666667,5,1
4,71,1523.272,69.1,225.042,2,21.731,65.76666667,6,0
6,71,1532.736,69.6,223.476,1,21.755,66.06666667,10,0
2,53,1802.1,97.5,215.724,1,35.266,91.7,2,1
4,53,1812.687,97.7,215.333,1,37.189,92.36666667,4,1
6,53,1818.595,97.5,215.598,1,38.277,92.6,3,1
3,53,1819.41,97.8,215.086,1,38.061,91.93333333,5,0
19,53,1830.972,95.8,219.575,1,41.458,91.7,1,0
7,53,1844.979,98.2,214.254,1,36.524,92.66666667,8,0
5,53,1854.126,99.0,212.356,1,37.539,92.5,11,0
10,53,1859.059,98.7,213.116,1,44.747,93.15,9,0
9,53,1862.472,99.1,212.151,1,36.264,93.15,14,0
15,53,1864.649,99.2,212.04,1,39.844,93.4,15,0
12,53,1866.594,99.0,212.341,1,36.671,93.3,12,0
14,53,1867.548,98.8,212.896,1,35.969,93.4,10,0
13,53,1870.665,99.2,212.01,1,37.38,93.35,16,0
11,53,1878.766,98.0,214.685,2,36.52,93.05,6,0
17,53,1882.494,99.1,212.29,1,36.704,93.7,13,0
10,70,2375.9,82.1,192.041,2,21.228,78.33333333,6,1
7,70,2383.734,81.4,193.787,1,21.699,78.16666667,1,1
1,70,2388.237,82.8,190.556,2,21.743,78.0,9,1
2,70,2390.479,82.0,192.336,1,22.82,77.9,4,0
11,70,2391.588,81.9,192.477,1,21.118,78.8,3,0
3,70,2391.947,81.6,193.227,3,21.544,78.06666667,2,0
4,70,2454.2,83.0,189.92,2,21.855,78.2,11,0
14,44,1552.9,109.4,230.575,2,22.322,104.3333333,1,1
2,44,1570.741,110.8,227.64,1,22.349,104.9,3,1
1,44,1579.786,112.0,225.174,1,22.543,104.9333333,7,1
5,44,1582.04,110.8,227.581,1,22.825,105.6666667,4,0
3,44,1626.156,112.9,223.397,1,22.641,105.7,13,0
15,44,1627.836,110.0,229.255,2,23.189,104.9333333,2,0
16,44,1628.54,111.7,225.698,2,23.491,105.5666667,6,0
10,44,1631.007,112.5,224.098,2,22.833,106.3,11,0
0,44,1645.081,113.0,223.132,2,22.542,106.0,15,0
6,44,1654.8,113.1,223.027,1,23.334,105.7333333,16,0
9,44,1655.978,112.9,223.373,2,23.349,106.45,14,0
17,44,1657.639,111.7,225.777,1,23.036,105.8333333,5,0
0,44,1658.117,112.4,224.255,2,24.253,106.7,10,0
18,44,1659.152,112.3,224.493,2,23.364,106.15,9,0
7,44,1660.063,113.1,222.978,1,23.085,106.0,17,0
1,72,2202.8,73.7,208.173,4,14.113,70.83333333,1,1
6,72,2206.871,73.7,208.119,1,19.359,71.16666667,2,1
2,72,2213.729,74.4,206.044,4,14.008,70.93333333,6,1
4,72,2215.816,73.9,207.604,3,14.155,71.0,3,0
5,72,2220.968,74.4,206.069,4,14.113,71.33333333,5,0
13,72,2221.554,74.1,206.792,3,15.762,71.65,4,0
7,72,2222.106,74.7,205.236,1,19.303,71.3,8,0
3,72,2223.716,74.6,205.409,2,19.493,71.0,7,0
12,72,2223.917,75.1,204.203,3,14.041,71.65,11,0
10,72,2225.259,75.0,204.314,4,14.118,71.5,10,0
11,72,2229.809,75.2,203.983,4,13.973,71.6,12,0
15,72,2233.19,75.5,202.986,4,14.114,71.75,15,0
8,72,2235.795,75.2,203.798,4,14.144,71.5,13,0
19,72,2238.807,74.9,204.808,4,14.349,72.4,9,0
18,72,2239.669,75.4,203.431,4,14.175,72.3,14,0
14,72,2240.12,75.9,201.901,4,14.128,71.75,17,0
17,72,2240.564,75.6,202.871,5,14.493,72.1,16,0
7,53,1227.5,84.7,246.088,1,23.791,80.83333333,6,1
1,53,1229.946,84.3,247.282,1,23.531,80.9,2,1
2,53,1230.905,85.3,244.522,2,24.114,81.66666667,7,1
18,53,1232.561,84.4,246.96,1,23.728,80.86666667,4,0
19,53,1232.88,84.4,246.995,1,24.282,81.73333333,3,0
13,53,1233.591,84.0,248.182,2,23.299,81.36666667,1,0
3,53,1233.707,84.7,246.167,2,24.784,81.83333333,5,0
5,53,1233.896,86.7,240.489,1,25.376,82.23333333,14,0
8,53,1234.622,86.6,240.75,1,24.628,82.55,13,0
9,53,1235.41,86.4,241.484,1,25.366,82.3,10,0
14,53,1235.823,86.6,240.837,1,24.336,82.15,11,0
17,53,1236.049,85.3,244.493,1,24.817,83.0,8,0
2,59,140.2,108.2,168.509,1,29.55,112.2,2,1
1,59,142.795,108.8,167.598,1,32.058,111.9333333,4,1
4,59,150.505,108.4,168.122,1,30.603,112.4666667,3,1
6,59,161.333,109.2,166.893,1,30.528,113.4666667,6,0
16,59,193.482,111.0,164.196,1,30.946,116.2,12,0
11,59,196.53,110.3,165.272,1,29.863,114.9,7,0
8,59,199.025,109.1,167.0,1,29.407,112.4,5,0
13,59,200.232,110.7,164.696,1,29.704,115.0,11,0
3,59,201.715,110.6,164.766,1,41.019,111.8,10,0
7,59,209.776,110.6,164.845,1,29.867,113.4333333,9,0
15,59,229.044,111.9,162.937,1,32.167,116.1,13,0
9,59,232.81,112.1,162.641,2,32.603,113.5666667,14,0
1,28,104.0,104.9,199.266,2,24.308,89.93333333,4,1
4,28,131.066,106.1,196.995,2,25.322,90.06666667,9,1
2,28,135.763,104.5,200.07,2,25.899,90.06666667,3,1
5,28,143.685,106.6,196.184,2,25.172,90.43333333,11,0
6,28,144.326,105.5,198.097,2,25.059,90.53333333,7,0
9,28,150.358,107.0,195.441,2,24.218,90.86666667,12,0
7,28,150.369,104.4,200.218,2,24.106,90.4,2,0
8,28,151.661,107.0,195.368,2,28.728,90.6,13,0
20,28,174.143,108.4,192.904,2,24.785,91.5,18,0
10,28,174.782,108.2,193.253,2,24.595,90.8,17,0
11,28,176.877,107.8,193.848,2,25.377,90.8,15,0
19,28,177.904,105.2,198.709,3,23.87,91.4,5,0
13,28,179.599,105.9,197.418,3,23.756,90.95,8,0
18,28,190.016,108.1,193.437,2,25.594,91.4,16,0
12,28,190.496,107.8,193.889,2,24.869,90.95,14,0
14,28,191.043,104.4,200.22,3,24.266,90.95,1,0
2,56,2531.7,99.5,199.383,1,23.866,95.2,2,1
3,56,2536.723,99.8,198.805,2,24.135,95.56666667,5,1
12,56,2539.201,99.7,199.003,2,23.755,95.13333333,4,1
9,56,2539.993,99.6,199.339,1,23.403,95.56666667,3,0
4,56,2576.515,98.8,200.902,3,23.947,95.63333333,1,0
6,56,2585.485,101.3,195.878,2,23.702,96.16666667,7,0
15,56,2622.187,102.4,193.778,2,24.436,97.0,14,0
17,56,2635.288,103.5,191.784,2,24.195,97.2,19,0
1,71,2316.7,82.0,188.85,1,22.487,78.53333333,4,1
3,71,2331.886,82.1,188.813,1,23.194,78.63333333,5,1
4,71,2334.797,81.8,189.476,1,24.892,78.8,2,1
2,71,2366.131,80.2,193.31,1,22.795,78.76666667,1,0
5,71,2374.823,82.2,188.498,1,23.469,78.86666667,6,0
7,71,2385.474,82.6,187.576,1,22.193,79.06666667,10,0
1,71,2314.0,73.8,210.237,2,23.48,72.6,1,1
2,71,2315.529,73.9,209.791,2,23.415,72.5,2,1
7,71,2318.051,74.0,209.76,2,23.483,72.66666667,3,1
5,71,2322.441,74.3,208.912,3,23.124,72.75,6,0
17,71,2323.561,74.2,209.163,1,23.478,72.46666667,4,0
3,71,2324.056,74.2,209.076,3,24.102,72.13333333,5,0
4,71,2328.08,74.3,208.828,1,22.869,73.56666667,7,0
16,71,2332.69,75.1,206.575,1,23.868,72.9,9,0
14,71,2336.552,75.5,205.432,1,23.908,75.5,14,0
15,71,2337.552,74.8,207.299,1,23.469,73.3,8,0
9,71,2340.183,75.5,205.328,2,24.028,72.65,15,0
13,71,2343.325,75.8,204.643,1,24.332,75.2,17,0
12,71,2343.899,75.3,206.142,1,24.487,76.4,10,0
10,71,2345.867,75.3,205.934,3,23.009,73.05,12,0
19,71,2350.016,75.6,205.155,3,23.322,72.95,16,0
18,71,2351.038,75.3,205.934,3,23.64,75.1,11,0
1,58,1665.9,89.4,212.676,1,22.735,84.4,6,1
3,58,1674.671,89.7,211.901,1,22.21,84.6,10,1
2,58,1675.993,89.0,213.68,1,21.36,84.43333333,4,1
4,58,1690.792,88.9,213.904,2,21.575,84.6,3,0
6,58,1701.788,88.8,214.007,1,24.243,84.96666667,2,0
7,58,1722.134,88.4,215.085,2,21.559,85.03333333,1,0
8,58,1723.14,89.3,212.817,2,21.734,85.16666667,5,0
14,58,1742.831,89.6,212.135,2,21.802,85.55,9,0
13,58,1749.168,90.8,209.413,1,21.893,85.3,18,0
9,58,1749.798,90.3,210.51,1,23.186,85.16666667,15,0
11,58,1755.271,89.5,212.446,1,21.591,85.4,7,0
1,57,2036.7,96.2,202.452,1,24.289,90.5,6,1
2,57,2048.687,96.3,202.225,1,24.264,90.66666667,7,1
5,57,2075.337,96.2,202.62,2,24.869,90.7,5,1
4,57,2084.752,97.1,200.588,2,24.227,90.56666667,14,0
7,57,2087.677,96.5,201.802,1,24.682,90.8,10,0
8,57,2091.202,96.5,201.802,2,24.639,91.03333333,9,0
6,57,2092.573,97.2,200.401,2,24.406,90.63333333,17,0
12,57,2109.347,97.4,200.075,1,25.399,91.45,18,0
20,57,2110.453,95.1,204.939,3,24.736,92.2,2,0
15,57,2126.474,97.1,200.559,3,24.458,91.5,15,0
14,57,2127.57,96.6,201.612,2,24.372,91.95,12,0
1,50,1274.9,92.2,241.098,1,20.715,88.7,2,1
15,50,1280.255,91.9,241.838,1,20.824,99.4,1,1
2,50,1295.628,92.2,240.962,1,26.879,88.93333333,3,1
3,50,1300.766,92.4,240.459,1,20.828,89.2,4,0
7,50,1305.965,92.9,239.145,1,21.102,89.43333333,6,0
4,50,1310.776,92.8,239.451,1,20.76,89.1,5,0
12,50,1318.062,93.1,238.849,1,20.026,88.9,7,0
6,50,1327.732,93.2,238.424,1,20.762,89.36666667,8,0
9,50,1329.647,93.4,237.99,1,20.719,89.56666667,10,0
13,50,1339.726,93.4,238.036,1,20.87,89.65,9,0
16,50,1342.394,93.9,236.624,1,21.414,89.9,14,0
10,50,1345.488,93.8,237.005,1,21.567,89.5,12,0
11,50,1350.96,93.9,236.718,2,21.282,89.6,13,0
18,50,1352.378,93.6,237.438,1,21.116,90.2,11,0
8,50,1359.921,94.3,235.731,1,31.534,89.43333333,16,0
20,50,1361.193,94.5,235.277,1,21.064,128.5,18,0
19,50,1361.345,94.1,236.144,2,21.352,90.4,15,0
1,58,1958.4,80.3,236.498,2,14.46333333,77.06666667,2,1
3,58,1958.579,80.6,235.703,2,14.52833333,77.46666667,5,1
4,58,1959.169,80.5,236.105,2,14.57166667,77.4,4,1
6,58,1961.482,80.9,234.769,2,14.585,77.6,6,0
13,58,1962.101,81.2,234.077,2,14.685,78.15,9,0
10,58,1963.339,81.1,234.219,2,14.67833333,77.7,8,0
16,58,1963.782,81.3,233.611,3,14.41166667,78.5,12,0
17,58,1964.113,81.8,232.229,4,14.02666667,78.5,16,0
12,58,1964.452,81.8,232.314,3,14.03,78.3,15,0
0,58,1964.913,82.2,231.06,4,12.32166667,78.7,17,0
5,58,1964.994,80.5,236.131,3,14.58166667,77.5,3,0
3,51,1962.4,104.6,206.625,1,20.389,101.1333333,5,1
2,51,1964.537,104.2,207.333,1,20.707,100.8666667,2,1
1,51,1983.617,104.6,206.681,1,21.126,100.8333333,4,1
6,51,1984.424,104.2,207.315,1,23.148,101.4666667,3,0
4,51,2007.891,105.2,205.474,1,21.97,101.5333333,6,0
5,51,2008.545,105.3,205.141,1,20.324,101.6666667,7,0
9,51,2014.017,105.6,204.595,1,23.161,101.9,9,0
11,51,2036.64,103.4,209.062,1,20.459,101.9,1,0
7,51,2042.776,105.7,204.38,1,20.346,101.6666667,12,0
8,51,2046.262,105.7,204.401,1,20.497,101.8,11,0
10,51,2048.901,105.6,204.587,1,20.902,101.9,10,0
12,51,2051.023,105.9,204.019,1,21.103,102.0,15,0
16,51,2052.129,105.9,204.164,1,30.951,103.4,13,0
17,51,2053.732,105.5,204.764,1,20.235,104.9,8,0
0,51,2060.194,105.9,204.052,1,20.367,102.2,14,0
14,51,2063.343,106.5,202.916,1,21.015,102.3,17,0
9,57,1658.2,89.7,217.184,1,22.688,87.1,1,1
1,57,1663.584,90.6,215.141,1,21.884,87.26666667,3,1
2,57,1684.505,90.5,215.238,1,22.631,87.5,2,1
6,57,1691.429,91.0,214.065,1,22.335,87.86666667,7,0
3,57,1700.711,91.4,213.252,1,22.278,87.36666667,10,0
13,57,1709.449,90.7,214.882,1,22.15,87.9,4,0
7,57,1711.188,91.4,213.084,1,22.068,87.53333333,11,0
5,57,1713.87,92.0,211.84,1,22.417,87.83333333,17,0
8,57,1716.323,91.1,213.765,1,21.942,87.73333333,9,0
4,57,1721.145,91.7,212.487,1,22.616,87.76666667,13,0
17,57,1722.509,91.0,214.011,1,22.39,88.4,8,0
18,57,1722.954,90.9,214.426,1,22.651,88.5,5,0
10,57,1729.837,91.8,212.147,1,23.158,87.75,15,0
11,57,1731.061,91.9,212.115,1,22.482,88.0,16,0
12,57,1733.15,90.9,214.334,1,23.12,87.9,6,0
14,57,1736.64,91.7,212.383,1,22.796,88.15,14,0
16,57,1745.917,92.4,210.854,1,24.09,88.4,20,0
15,57,1747.149,91.6,212.786,1,23.487,88.35,12,0
1,78,2932.0,76.6,156.822,1,24.798,71.9,7,1
2,78,2959.921,76.7,156.678,1,24.414,72.13333333,9,1
3,78,2968.99,76.5,156.977,2,24.707,72.26666667,6,1
5,78,2971.062,75.7,158.799,1,24.594,72.26666667,1,0
8,78,2988.284,76.8,156.425,1,30.98,72.33333333,10,0
6,78,2993.89,75.8,158.541,1,24.192,72.16666667,2,0
7,78,2994.362,75.8,158.42,1,23.902,72.36666667,3,0
4,78,2995.391,76.4,157.14,1,24.252,72.16666667,5,0
1,66,1677.9,76.3,219.641,1,22.241,72.9,1,1
4,66,1701.99,76.7,218.649,1,22.575,72.9,3,1
12,66,1710.289,77.9,215.283,2,22.054,73.35,5,1
11,66,1713.712,76.7,218.678,2,21.537,73.6,2,0
2,66,1723.598,78.4,213.833,1,22.321,72.96666667,11,0
5,66,1741.22,78.7,212.967,1,22.355,73.3,14,0
8,66,1742.027,78.1,214.709,1,22.558,73.43333333,7,0
6,66,1747.142,78.9,212.362,1,22.112,73.16666667,18,0
13,66,1749.778,78.8,212.883,2,22.889,73.6,15,0
10,66,1751.43,78.4,213.91,1,23.388,73.16666667,10,0
19,66,1752.319,78.4,213.959,1,21.778,74.1,9,0
15,66,1753.316,78.9,212.475,2,22.009,74.2,17,0
1,70,2038.3,75.6,207.683,1,23.644,81.96666667,3,1
2,70,2047.87,75.8,207.176,2,23.928,82.86666667,4,1
3,70,2042.898,75.4,208.228,2,23.749,83.2,2,1
10,70,2056.948,75.9,206.826,1,24.343,81.2,5,0
11,70,2059.84,75.9,206.815,1,24.133,83.8,6,0
12,70,2089.328,74.5,210.786,2,23.218,81.6,1,0
9,70,2099.113,76.9,204.11,1,25.064,80.3,16,0
6,70,2099.992,76.8,204.469,2,23.698,83.46666667,15,0
16,70,2102.702,76.6,205.051,1,23.711,82.1,10,0
14,70,2102.732,76.6,204.888,1,24.038,82.05,12,0
8,70,2103.401,76.6,204.96,2,23.436,84.4,11,0
15,70,2103.549,76.4,205.424,2,24.117,82.9,9,0
7,70,2106.663,76.4,205.562,2,23.57,83.1,8,0
19,70,2111.723,76.7,204.779,1,23.646,82.7,14,0
1,71,1533.6,67.0,231.97,1,16.369,64.83333333,1,1
2,71,1538.755,68.8,225.876,1,16.393,65.03333333,5,1
15,71,1550.788,68.1,228.227,1,17.428,95.95,2,1
4,71,1559.927,68.7,226.142,1,18.076,65.1,4,0
7,71,1563.917,69.1,224.934,1,16.6,65.26666667,8,0
3,71,1564.977,68.9,225.679,1,16.38,64.96666667,6,0
11,71,1582.003,69.3,224.366,1,17.946,65.55,10,0
5,71,1582.796,69.2,224.765,1,16.415,65.23333333,9,0
6,71,1592.643,68.5,227.054,1,16.646,65.23333333,3,0
9,71,1601.267,69.0,225.136,1,16.38,65.33333333,7,0
10,71,1613.367,69.6,223.473,1,16.737,65.63333333,11,0
1,52,1516.9,90.3,234.922,1,29.056,87.93333333,1,1
2,52,1520.698,90.5,234.226,1,28.438,87.96666667,2,1
7,52,1523.683,90.5,234.221,1,29.169,88.36666667,3,1
3,52,1524.676,90.9,233.435,1,28.655,88.26666667,4,0
6,52,1528.106,91.1,232.733,1,29.455,88.46666667,6,0
15,52,1529.782,90.9,233.271,1,28.06,90.0,5,0
9,52,1534.093,91.3,232.188,1,28.679,88.66666667,9,0
8,52,1534.778,91.3,232.353,1,29.634,88.36666667,8,0
4,52,1535.589,91.3,232.399,1,28.244,88.2,7,0
5,52,1536.348,91.4,232.116,1,28.869,88.43333333,10,0
14,52,1540.532,91.7,231.274,1,28.847,89.45,13,0
20,52,1542.73,91.9,230.888,1,29.662,89.8,16,0
11,52,1543.563,91.8,231.08,2,30.003,89.25,15,0
12,52,1544.383,91.5,231.756,1,28.561,89.15,11,0
17,52,1546.72,91.8,231.097,2,28.709,90.1,14,0
16,52,1548.125,92.1,230.307,1,28.353,90.0,17,0
18,52,1550.028,92.4,229.636,1,28.242,90.5,18,0
2,70,2288.6,80.5,195.91,1,21.407,77.46666667,1,1
3,70,2322.331,82.2,191.919,2,21.43,77.56666667,4,1
9,70,2326.203,82.3,191.647,2,20.88,77.7,5,1
1,70,2327.734,81.6,193.277,2,21.728,77.53333333,2,0
4,70,2351.172,82.7,190.625,1,21.171,77.66666667,8,0
18,70,2354.425,82.2,191.966,2,21.675,79.0,3,0
6,70,2358.917,82.5,191.242,2,21.452,77.66666667,6,0
11,70,2359.673,82.6,190.976,1,21.402,78.05,7,0
8,70,2364.309,82.7,190.604,1,22.916,77.76666667,9,0
6,44,1350.4,108.9,231.49,1,22.887,112.5,2,1
2,44,1372.705,110.3,228.581,2,22.71,112.7666667,6,1
1,44,1382.659,110.4,228.316,2,23.148,112.4333333,7,1
3,44,1400.071,107.3,234.978,2,23.023,112.6666667,1,0
9,44,1406.584,110.9,227.283,1,23.085,113.1333333,13,0
8,44,1413.501,110.6,227.972,1,23.837,113.1333333,11,0
7,44,1424.119,111.7,225.769,2,23.744,113.3333333,18,0
14,44,1425.119,110.4,228.31,1,23.085,118.0,8,0
10,44,1429.74,111.3,226.55,1,25.397,113.5666667,16,0
11,44,1430.621,111.4,226.353,1,22.61,116.05,17,0
12,44,1433.484,110.9,227.339,1,25.664,116.6,12,0
13,44,1435.591,110.5,228.153,1,23.362,117.1,10,0
17,44,1445.841,110.2,228.83,2,24.045,120.8,5,0
15,44,1446.584,109.8,229.553,3,23.529,120.3,3,0
16,44,1452.154,111.0,227.171,2,23.572,117.1,14,0
19,44,1453.471,111.0,227.169,1,22.843,122.2,15,0
18,44,1454.876,110.5,228.213,3,23.109,121.5,9,0
0,44,1460.85,109.9,229.415,1,24.571,123.2,4,0
1,72,1444.4,73.9,207.505,3,18.706,76.83333333,2,1
5,72,1448.144,73.8,207.651,2,20.109,77.56666667,1,1
12,72,1451.458,74.4,205.967,2,19.518,80.9,7,1
7,72,1454.468,74.2,206.549,3,18.789,77.93333333,4,0
6,72,1456.941,74.9,204.612,3,19.398,77.66666667,13,0
13,72,1457.609,73.9,207.463,3,19.327,81.05,3,0
2,72,1457.632,74.4,206.108,3,18.878,77.4,6,0
4,72,1459.555,74.5,205.892,1,19.667,77.23333333,8,0
8,72,1460.98,74.3,206.36,1,18.979,77.5,5,0
16,72,1462.746,74.6,205.61,3,19.024,82.1,10,0
11,72,1464.487,75.2,203.966,3,19.653,80.85,15,0
14,72,1465.24,74.5,205.881,2,19.713,81.1,9,0
19,72,1470.547,74.8,204.923,4,19.192,83.4,12,0
18,72,1471.788,74.7,205.258,3,19.735,82.3,11,0
17,72,1474.293,76.3,201.072,2,18.904,81.0,18,0
0,72,1475.81,75.5,203.107,2,20.137,82.2,17,0
3,72,1500.154,75.1,204.094,3,19.607,77.4,14,0
2,51,821.1,85.2,244.659,1,24.228,80.93333333,2,1
5,51,827.164,85.5,243.853,1,23.819,81.26666667,4,1
1,51,832.293,85.5,243.912,1,25.183,81.1,3,1
3,51,832.477,85.6,243.687,1,23.931,81.06666667,5,0
4,51,844.128,85.8,242.929,1,24.215,81.4,9,0
8,51,863.779,85.6,243.682,1,24.255,81.4,6,0
6,51,866.206,86.4,241.405,1,24.538,81.26666667,16,0
9,51,866.549,86.1,242.092,1,23.727,81.53333333,14,0
10,51,867.394,86.1,242.201,1,24.798,81.63333333,13,0
14,51,885.156,86.0,242.531,1,24.658,82.05,12,0
12,51,891.738,85.8,242.944,1,24.212,81.95,8,0
7,51,894.174,85.1,245.142,1,24.133,81.46666667,1,0
15,51,899.657,86.8,240.152,1,24.779,81.9,18,0
16,51,901.264,86.0,242.545,1,24.396,82.4,11,0
17,51,903.61,85.8,243.181,2,24.686,82.5,7,0
20,51,908.366,86.6,240.77,1,25.667,82.9,17,0
1,62,2797.4,97.7,182.089,1,29.499,91.56666667,7,1
4,62,2798.212,98.0,181.384,1,29.485,91.93333333,8,1
5,62,2798.669,95.9,185.507,1,32.631,92.06666667,1,1
3,62,2818.577,98.3,180.961,1,32.888,91.83333333,11,0
11,62,2818.841,96.6,184.147,1,29.698,92.3,4,0
12,62,2835.841,98.3,180.957,1,31.802,92.4,12,0
17,62,2838.879,98.5,180.562,1,29.369,92.9,13,0
13,62,2856.934,97.1,183.136,1,28.977,92.2,5,0
10,62,2863.318,99.0,179.585,1,32.348,92.23333333,15,0
6,62,2869.516,98.1,181.271,1,31.475,91.9,10,0
14,62,2870.817,97.3,182.696,2,29.787,93.2,6,0
0,62,2881.049,99.3,179.064,1,30.032,93.3,16,0
9,62,2883.601,99.9,177.977,1,35.497,91.96666667,17,0
18,62,2884.289,98.5,180.491,1,1.058333333,93.3,14,0
7,62,2885.003,96.5,184.374,1,30.67,92.0,3,0
1,53,1858.4,94.2,221.963,2,23.696,89.6,1,1
3,53,1877.787,95.2,219.484,2,23.182,89.96666667,2,1
2,53,1894.894,96.3,217.021,2,23.198,90.0,5,1
4,53,1902.398,96.4,216.944,2,22.926,89.93333333,6,0
7,53,1907.776,95.6,218.648,2,23.631,90.23333333,3,0
6,53,1908.621,96.2,217.339,1,23.075,90.2,4,0
8,53,1916.059,97.7,214.076,1,24.034,90.43333333,11,0
10,53,1933.125,97.2,215.067,1,24.086,90.7,8,0
14,53,1938.078,97.4,214.636,2,23.789,90.8,10,0
12,53,1941.555,96.4,216.924,1,24.488,90.65,7,0
1,57,1659.2,84.3,231.364,2,28.103,84.43333333,1,1
6,57,1664.033,84.9,229.724,3,27.489,84.83333333,3,1
10,57,1665.169,84.8,229.938,2,27.611,84.9,2,1
2,57,1693.319,85.8,227.45,4,28.191,84.76666667,5,0
5,57,1698.176,85.0,229.532,3,27.513,85.0,4,0
4,57,1708.232,86.0,226.723,1,28.373,84.93333333,6,0
8,57,1721.59,86.5,225.661,1,28.961,85.13333333,11,0
9,57,1725.763,86.7,225.135,3,28.946,85.46666667,13,0
19,57,1735.327,86.3,225.993,3,28.815,87.4,9,0
0,57,1739.381,86.2,226.263,1,27.808,85.75,7,0
16,57,1740.852,86.4,225.917,2,28.156,86.3,10,0
7,57,1741.5,86.3,226.027,1,28.429,85.03333333,8,0
13,57,1750.214,86.7,225.098,2,28.747,85.9,14,0
6,56,2121.4,100.0,198.412,1,23.756,95.13333333,9,1
2,56,2132.13,100.0,198.497,2,23.361,95.13333333,8,1
4,56,2136.534,100.0,198.4,1,23.668,95.33333333,10,1
9,56,2139.86,99.7,198.991,2,23.747,95.63333333,5,0
5,56,2146.399,99.4,199.68,2,23.969,95.63333333,3,0
7,56,2169.396,100.4,197.653,1,23.9,95.6,11,0
0,56,2170.096,99.9,198.65,2,23.955,96.6,6,0
11,56,2195.785,98.1,202.231,3,23.472,95.8,1,0
15,56,2208.114,101.4,195.783,2,24.354,96.3,15,0
16,56,2209.398,101.2,196.041,1,24.99,96.8,14,0
0,56,2211.304,100.9,196.648,2,24.308,96.2,12,0
13,56,2220.001,102.0,194.629,1,24.783,96.0,18,0
3,71,150.8,81.6,189.78,3,20.15166667,77.66666667,2,1
6,71,164.675,81.3,190.503,2,20.215,77.93333333,1,1
1,71,173.924,82.3,188.194,2,20.175,77.83333333,4,1
2,71,177.954,82.5,187.722,2,20.25666667,78.13333333,6,0
17,71,184.066,81.9,189.085,3,20.44,81.6,3,0
8,71,191.82,82.8,187.175,2,20.30333333,78.1,10,0
4,71,192.37,82.7,187.404,2,20.285,77.8,7,0
7,71,193.904,82.8,187.22,2,20.31833333,77.9,8,0
14,71,199.373,82.8,187.191,2,20.46666667,78.95,9,0
15,71,213.679,83.0,186.733,1,20.43833333,79.1,11,0
11,71,217.008,83.2,186.163,2,20.42833333,78.7,16,0
18,71,229.782,82.5,187.808,2,20.30166667,78.9,5,0
12,71,231.109,83.2,186.181,2,20.33,78.75,15,0
10,71,232.476,83.6,185.412,2,20.49166667,78.46666667,19,0
9,71,236.397,83.2,186.306,2,20.48833333,78.13333333,14,0
1,71,3408.9,73.4,211.277,1,18.535,70.43333333,2,1
6,71,3417.177,72.5,214.005,1,19.386,70.86666667,1,1
4,71,3443.055,74.4,208.382,1,18.487,70.73333333,10,1
9,71,3443.108,74.1,209.276,1,20.811,71.06666667,5,0
3,71,3449.745,74.0,209.607,1,18.504,70.76666667,4,0
7,71,3459.088,74.4,208.483,1,23.03,70.96666667,9,0
15,71,3464.993,74.5,208.161,1,20.523,70.7,11,0
5,71,3471.759,74.7,207.554,1,18.521,70.8,12,0
16,71,3478.78,74.2,208.974,1,20.969,70.8,7,0
2,50,1748.3,95.6,233.476,2,21.323,93.63333333,2,1
1,50,1750.37,95.7,233.342,1,22.559,93.03333333,3,1
11,50,1750.541,95.9,232.685,2,21.568,94.25,5,1
16,50,1766.965,96.6,231.004,1,21.763,94.8,10,0
19,50,1768.367,96.6,231.131,1,22.222,94.35,9,0
12,50,1769.134,96.0,232.576,1,21.261,93.33333333,6,0
10,50,1770.055,95.7,233.227,2,22.508,94.05,4,0
3,50,1771.391,96.1,232.365,1,21.257,93.53333333,7,0
9,50,1774.264,96.6,231.191,2,23.214,93.86666667,8,0
18,50,1777.796,95.5,233.779,2,20.535,94.9,1,0
4,50,1782.57,96.9,230.346,1,22.262,93.66666667,11,0
5,50,1791.698,97.4,229.296,1,21.242,93.83333333,13,0
8,50,1793.125,97.5,229.065,1,21.611,93.83333333,15,0
14,50,1796.825,97.1,229.884,1,22.242,94.5,12,0
17,50,1798.462,97.4,229.253,1,22.155,94.8,14,0
6,50,1799.182,97.7,228.397,1,21.367,93.9,19,0
7,50,1833.65,97.6,228.814,2,21.575,93.86666667,16,0
1,58,1622.6,87.0,218.541,2,21.275,83.76666667,1,1
2,58,1640.593,88.2,215.553,2,21.246,84.03333333,8,1
4,58,1642.928,88.2,215.582,1,21.65,84.03333333,7,1
9,58,1644.053,87.5,217.292,2,21.274,84.16666667,2,0
5,58,1646.884,88.2,215.639,2,21.432,84.03333333,6,0
3,58,1654.087,88.1,215.702,2,21.156,84.2,5,0
7,58,1662.112,88.3,215.414,2,21.841,84.23333333,9,0
6,58,1665.688,89.3,213.0,1,21.486,84.16666667,16,0
11,58,1667.024,88.4,215.131,2,22.045,84.4,10,0
13,58,1678.232,88.1,215.918,2,21.667,84.4,4,0
15,58,1678.829,88.6,214.648,1,21.692,84.45,11,0
12,58,1688.973,90.0,211.162,1,22.16,84.5,20,0
10,58,1692.96,89.0,213.575,1,23.091,84.4,14,0
14,58,1695.784,87.8,216.422,2,21.919,84.35,3,0
8,58,1706.296,89.2,213.093,1,21.861,84.23333333,15,0
19,58,1712.022,88.7,214.224,2,22.345,85.2,13,0
1,57,1904.7,92.6,210.383,2,24.209,89.53333333,1,1
5,57,1927.157,94.4,206.468,1,24.516,89.86666667,4,1
4,57,1929.81,94.5,206.156,2,23.866,89.66666667,6,1
2,57,1944.369,94.1,207.069,1,24.069,89.6,2,0
3,57,1951.488,95.1,204.946,1,24.778,89.93333333,12,0
7,57,1953.158,94.5,206.223,1,24.205,89.86666667,5,0
9,57,1955.024,94.7,205.688,2,24.094,89.96666667,7,0
8,57,1960.782,95.0,205.123,2,24.852,90.1,11,0
6,57,1979.587,94.2,206.83,1,24.786,89.83333333,3,0
12,57,1997.916,95.6,203.73,1,24.418,90.1,16,0
1,50,1243.3,91.8,242.188,1,20.607,87.9,3,1
3,50,1256.9431,92.3,240.876,1,22.196,88.3,8,1
2,50,1261.939,91.6,242.561,1,23.419,88.06666667,1,1
5,50,1275.307,92.3,240.779,1,21.427,88.4,10,0
4,50,1279.059,92.4,240.579,1,22.129,88.2,13,0
7,50,1283.236,92.3,240.926,1,21.013,88.46666667,7,0
11,50,1285.979,92.2,241.103,1,22.457,88.8,5,0
6,50,1289.008,91.9,241.738,1,22.211,88.46666667,4,0
8,50,1290.691,91.7,242.26,1,20.17,88.7,2,0
15,50,1320.296,92.4,240.633,1,21.035,89.1,12,0
12,50,1331.654,92.3,240.787,1,21.723,89.05,9,0
13,50,1349.0373,92.3,240.706,1,21.46,89.05,11,0
2,58,1226.8,80.0,237.418,1,17.599,76.36666667,3,1
4,58,1229.166,79.8,238.066,2,17.308,76.56666667,1,1
3,58,1232.704,79.9,237.762,2,17.653,76.83333333,2,1
5,58,1262.57,80.2,236.92,1,17.573,76.86666667,4,0
6,58,1283.109,80.4,236.363,2,17.222,76.56666667,6,0
9,58,1320.022,80.9,234.78,1,17.901,77.1,8,0
8,58,1322.401,81.1,234.19,2,17.535,77.0,11,0
10,58,1327.792,80.5,236.055,2,17.995,77.1,7,0
16,58,1331.353,81.1,234.158,2,18.145,78.0,12,0
1,53,3263.6,93.7,223.093,2,23.177,88.6,1,1
2,53,3276.135,93.9,222.525,3,22.956,88.8,3,1
4,53,3284.466,93.8,222.772,2,23.136,89.1,2,1
8,53,3290.122,95.0,219.952,2,23.285,89.1,9,0
3,53,3293.3,95.2,219.624,2,23.049,88.96666667,10,0
5,53,3307.872,94.7,220.691,2,22.998,89.03333333,6,0
9,53,3309.551,94.4,221.444,3,22.991,89.3,5,0
6,53,3311.125,94.8,220.514,3,22.848,89.1,7,0
7,53,3312.226,94.0,222.509,2,23.333,89.13333333,4,0
1,56,2452.6,98.4,199.414,2,22.27,94.06666667,2,1
4,56,2466.373,98.8,198.717,1,22.161,94.5,4,1
2,56,2471.76,99.4,197.444,1,22.027,94.5,7,1
6,56,2476.223,99.4,197.452,1,22.36,94.5,6,0
7,56,2486.583,99.8,196.7,1,22.629,94.56666667,10,0
8,56,2491.324,100.1,196.016,1,22.415,94.7,11,0
3,56,2496.014,97.8,200.629,2,22.687,94.63333333,1,0
5,56,2508.798,99.7,196.749,2,22.262,94.66666667,9,0
18,56,2510.586,100.8,194.61,1,22.518,95.6,14,0
9,56,2513.076,100.8,194.649,1,23.004,94.8,13,0
13,56,2515.412,100.9,194.414,1,23.156,95.3,15,0
14,56,2518.106,100.8,194.697,1,23.273,95.3,12,0
15,56,2521.823,99.2,197.822,3,22.836,95.4,5,0
16,56,2524.289,98.6,198.955,3,23.252,95.5,3,0
11,56,2535.386,99.4,197.333,3,1.555,95.05,8,0
17,56,2540.133,101.1,194.145,1,22.974,95.5,18,0
20,56,2547.71,101.0,194.293,2,22.684,96.4,17,0
5,57,1849.9,91.0,214.148,1,22.041,87.8,5,1
1,57,1857.512,91.3,213.488,1,22.187,87.5,8,1
2,57,1859.82,91.1,213.903,1,21.825,87.66666667,6,1
4,57,1864.55,90.9,214.442,1,21.695,87.7,3,0
3,57,1866.307,90.9,214.27,1,22.805,87.76666667,4,0
8,57,1866.485,91.2,213.554,1,22.107,88.0,7,0
10,57,1876.085,91.7,212.508,1,22.153,88.23333333,10,0
7,57,1884.689,91.9,211.955,1,22.8,88.13333333,13,0
15,57,1887.007,91.7,212.404,1,22.374,88.45,11,0
13,57,1889.646,92.0,211.688,1,22.663,88.3,16,0
9,57,1890.689,91.9,211.909,2,22.487,88.23333333,14,0
12,57,1894.858,92.1,211.647,1,22.466,88.15,17,0
6,57,1899.656,90.6,214.965,1,22.216,87.8,1,0
19,57,1899.879,92.0,211.794,1,23.017,88.8,15,0
20,57,1900.856,92.1,211.493,1,22.54,88.6,19,0
16,57,1902.256,92.1,211.548,2,22.765,88.5,18,0
11,57,1905.073,91.6,212.726,2,22.631,88.2,9,0
14,57,1925.991,90.8,214.456,2,22.567,88.35,2,0
18,57,1934.583,91.8,212.295,1,23.265,88.6,12,0
1,63,1525.3,80.4,219.898,1,30.416,75.23333333,9,1
2,63,1526.025,80.0,220.921,1,29.956,75.36666667,6,1
3,63,1533.216,79.9,221.084,1,30.149,75.36666667,5,1
5,63,1539.432,79.9,221.162,1,29.77,75.36666667,4,0
4,63,1547.625,80.2,220.299,1,30.508,75.56666667,7,0
8,63,1560.404,80.3,219.994,1,29.547,75.93333333,8,0
6,63,1572.454,78.6,224.871,2,29.605,75.66666667,1,0
11,63,1580.076,79.7,221.775,1,29.669,76.05,3,0
13,63,1604.856,80.6,219.342,1,29.971,76.25,10,0
2,70,2747.9,75.6,207.751,2,24.246,72.3,4,1
3,70,2751.779,75.6,207.782,1,23.423,72.4,3,1
1,70,2752.217,74.9,209.621,1,24.044,72.23333333,2,1
7,70,2752.815,74.9,209.73,1,23.762,72.4,1,0
4,70,2758.099,76.2,205.904,2,23.476,72.5,5,0
6,70,2765.41,76.3,205.753,2,24.346,72.63333333,6,0
9,70,2771.525,76.8,204.523,1,24.284,72.83333333,9,0
5,70,2776.572,77.1,203.689,2,23.86,72.66666667,12,0
15,70,2777.921,77.0,203.856,2,24.408,73.1,11,0
18,70,2778.213,77.0,203.859,1,24.495,73.4,10,0
17,70,2778.724,76.7,204.733,1,24.233,74.0,8,0
14,70,2779.153,76.5,205.226,3,24.833,73.05,7,0
0,70,2788.387,77.3,203.231,1,24.929,73.4,13,0
8,70,2800.594,77.3,203.075,1,25.569,72.46666667,14,0
2,66,1700.2,77.8,215.557,1,21.544,71.8,2,1
1,66,1702.419,77.1,217.405,1,21.618,71.9,1,1
3,66,1717.99,77.8,215.466,2,21.603,71.86666667,4,1
4,66,1722.52,78.3,214.142,2,22.7,72.0,7,0
5,66,1722.909,77.9,215.222,2,21.624,72.0,6,0
6,66,1731.228,78.5,213.463,1,22.194,72.0,9,0
9,66,1733.96,77.9,215.286,1,22.224,72.25,5,0
11,66,1759.724,77.8,215.532,2,21.464,72.23333333,3,0
7,66,1762.225,79.0,212.096,2,21.687,72.23333333,13,0
8,66,1772.089,79.0,212.266,1,21.834,72.3,12,0
13,66,1779.415,78.6,213.273,2,22.518,72.5,10,0
3,71,1462.8,69.2,224.752,2,21.229,65.13333333,5,1
7,71,1464.706,68.7,226.28,2,20.775,65.13333333,4,1
4,71,1467.333,69.3,224.369,1,21.226,65.06666667,6,1
5,71,1485.942,69.6,223.466,1,21.563,65.16666667,7,0
1,71,1500.053,67.7,229.548,1,21.899,64.7,2,0
9,71,1516.888,70.2,221.388,2,21.814,65.43333333,14,0
8,71,1517.472,69.7,223.043,1,21.291,65.3,11,0
12,71,1523.155,70.1,221.672,1,21.518,65.4,12,0
11,71,1523.969,70.4,220.725,2,21.093,65.45,18,0
13,71,1524.566,69.6,223.315,1,21.431,65.5,9,0
6,71,1529.856,69.6,223.396,4,20.903,65.2,8,0
10,71,1531.125,69.6,223.187,2,21.231,65.6,10,0
2,52,1347.1,89.4,237.12,1,28.929,87.43333333,5,1
4,52,1348.565,89.0,238.416,1,28.365,88.1,3,1
3,52,1354.647,89.3,237.588,1,28.661,88.06666667,4,1
5,52,1359.529,88.7,238.964,2,29.2,87.93333333,2,0
7,52,1394.418,88.3,240.195,3,28.706,87.96666667,1,0
6,52,1402.822,89.8,236.07,1,29.412,88.33333333,10,0
8,52,1403.669,89.9,235.909,1,29.023,88.3,11,0
10,52,1410.677,89.7,236.401,1,29.341,88.3,7,0
9,52,1415.487,89.7,236.38,2,29.41,88.2,8,0
13,52,1426.403,90.2,235.041,2,29.658,89.15,14,0
12,52,1436.06,90.0,235.713,2,29.444,89.4,12,0
17,52,1437.253,90.1,235.396,2,29.884,92.9,13,0
